-- You can use this file to load seed data into the database using SQL statements
--insert into users (id, bu, document) values (1, '1', '1'); 
--insert into users (id, bu, document) values (2, '2', '2'); 

insert into questionary values (1, 'Ônibus');
insert into questionary values (2, 'Motorista');
insert into questionary values (3, 'Ponto');
insert into questionary values (4, 'Incidente');

insert into question values (1, 'O veículo possui...', 1);
insert into question values (2, 'Sob o seu ponto de vista, este veículo...', 1);
insert into question values (3, 'Este veículo esta...', 1);

insert into question values (4, 'O motorista...', 2);
insert into question values (5, 'Este motorista está...', 2);

insert into question values (6, 'Este ponto possui...', 3);
insert into question values (7, 'Neste ponto...', 3);
insert into question values (8, 'Este ponto conta com...', 3);

insert into question values (9, 'Quais destes incidentes ocorreram durante sua viagem?', 4);

insert into option (id, question_id, description) values (1, 1, 'Assentos danificados.');
insert into option (id, question_id, description) values (2, 1, 'Catracas danificadas.');
insert into option (id, question_id, description) values (3, 1, 'Iluminação danificada.');
insert into option (id, question_id, description) values (4, 1, 'Portas danificadas.');
insert into option (id, question_id, description) values (5, 1, 'Outros danos');

insert into option (id, question_id, description) values (6, 2, 'É acessível.');
insert into option (id, question_id, description) values (7, 2, 'É confortável.');
insert into option (id, question_id, description) values (8, 2, 'É espaçoso.');
insert into option (id, question_id, description) values (9, 2, 'Possui assnetos adequados.');
insert into option (id, question_id, description) values (10, 2, 'Possui ventilação adequada.');

insert into option (id, question_id, description) values (11, 3, 'Em bom estado de conservação.');
insert into option (id, question_id, description) values (12, 3, 'Limpo');

insert into option (id, question_id, description) values (13, 4, 'Dirige em alta velocidade.');
insert into option (id, question_id, description) values (14, 4, 'Dirige alcoolizado.');
insert into option (id, question_id, description) values (15, 4, 'Desrespeita às leis de trânsito.');
insert into option (id, question_id, description) values (16, 4, 'Fala ao telefone celular.');
insert into option (id, question_id, description) values (17, 4, 'Não respeita idosos.');
insert into option (id, question_id, description) values (18, 4, 'Não respeita deficientes físicos.');
insert into option (id, question_id, description) values (19, 4, 'Conversa enquanto dirige.');

insert into option (id, question_id, description) values (20, 5, 'Devidamente uniformizado.');
insert into option (id, question_id, description) values (21, 5, 'Agindo com respeito.');

insert into option (id, question_id, description) values (22, 6, 'Vidros quebrados.');
insert into option (id, question_id, description) values (23, 6, 'Assentos danificados.');
insert into option (id, question_id, description) values (24, 6, 'Pixações.');
insert into option (id, question_id, description) values (25, 6, 'Cartazes afixados.');
insert into option (id, question_id, description) values (26, 6, 'Cobertura danificada.');
insert into option (id, question_id, description) values (27, 6, 'Má sinalização.');
insert into option (id, question_id, description) values (28, 6, 'Falta de acessibilidade.');
insert into option (id, question_id, description) values (29, 6, 'Outros danos.');

insert into option (id, question_id, description) values (30, 7, 'O tempo de espera é elevado.');
insert into option (id, question_id, description) values (31, 7, 'O ônibus desta linha não costuma passar.');
insert into option (id, question_id, description) values (32, 7, 'Há um grande número de pessoas.');

insert into option (id, question_id, description) values (33, 8, 'Acesso à Internet.');
insert into option (id, question_id, description) values (34, 8, 'Iluminação adequada.');
insert into option (id, question_id, description) values (35, 8, 'Cobertura adequada.');
insert into option (id, question_id, description) values (36, 8, 'Boa sinalização.');
insert into option (id, question_id, description) values (37, 8, 'Acessibilidade.');
insert into option (id, question_id, description) values (38, 8, 'Assentos confortáveis.');

insert into option (id, question_id, description) values (39, 9, 'Furtos.');
insert into option (id, question_id, description) values (40, 9, 'Assaltos.');
insert into option (id, question_id, description) values (41, 9, 'Vandalismo/Depredação');
insert into option (id, question_id, description) values (42, 9, 'Manifestações na via.');
insert into option (id, question_id, description) values (43, 9, 'Acidentes na via.');
insert into option (id, question_id, description) values (44, 9, 'Enchetes na via.');
insert into option (id, question_id, description) values (45, 9, 'Problemas mecânicos no veículo.');
insert into option (id, question_id, description) values (46, 9, 'Desrespeito no uso dos assentos preferenciais.');
insert into option (id, question_id, description) values (47, 9, 'Veículo com lotação acima do máximo.');

insert into bus_line (id, code, name) values (nextval('sq_bus_line'), '1016-10', 'Cemiterio Do Horto - Center Norte');
insert into bus_line (id, code, name) values (nextval('sq_bus_line'), '1017-10', 'Perus - Vila Iorio');
insert into bus_line (id, code, name) values (nextval('sq_bus_line'), '1018-10', 'Vila Rosa - Metrô Santana');
insert into bus_line (id, code, name) values (nextval('sq_bus_line'), '106A-10', 'Metrô Santana - Itaim Bibi');
insert into bus_line (id, code, name) values (nextval('sq_bus_line'), '107T-10', 'Metrô Tucuruvi - Pinheiros');
insert into bus_line (id, code, name) values (nextval('sq_bus_line'), '107T-31', 'Metrô Tucuruvi - Pinheiros ');
insert into bus_line (id, code, name) values (nextval('sq_bus_line'), '1156-10', 'Vila Sabrina - Pca. Do Correio');
insert into bus_line (id, code, name) values (nextval('sq_bus_line'), '1156-31', 'Vila Sabrina - Praça Do Correio');
insert into bus_line (id, code, name) values (nextval('sq_bus_line'), '1177-10', 'Term. A.e. Carvalho - Estação Da Luz');
insert into bus_line (id, code, name) values (nextval('sq_bus_line'), '1177-31', 'Term. A. E. Carvalho - Estação Da Luz');
insert into bus_line (id, code, name) values (nextval('sq_bus_line'), '1177-42', 'Engenheiro Goulart - Term. Pq.d. Pedro Ii');
insert into bus_line (id, code, name) values (nextval('sq_bus_line'), '1177-51', 'Term. A. E. Carvalho - Term. Amaral Gurgel');
insert into bus_line (id, code, name) values (nextval('sq_bus_line'), '1178-10', 'Sao Miguel - Pca. Do Correio');
insert into bus_line (id, code, name) values (nextval('sq_bus_line'), '1178-31', 'Sao Miguel - Pca. Do Correio');
insert into bus_line (id, code, name) values (nextval('sq_bus_line'), '1178-32', 'Abel Tavares - Pca. Do Correio');
insert into bus_line (id, code, name) values (nextval('sq_bus_line'), '1178-33', 'Pca. Do Correio - Sao Miguel');
insert into bus_line (id, code, name) values (nextval('sq_bus_line'), '1178-42', 'Conj. Hab.vl.silvia - Pca. Do Correio');
insert into bus_line (id, code, name) values (nextval('sq_bus_line'), '117Y-10', 'Cohab Antartica - Pinheiros');
insert into bus_line (id, code, name) values (nextval('sq_bus_line'), '118C-10', 'Jd. Pery Alto - Metro Santa Cecilia');
insert into bus_line (id, code, name) values (nextval('sq_bus_line'), '118C-21', 'Parada Pinto - Estação Da Luz');
insert into bus_line (id, code, name) values (nextval('sq_bus_line'), '118C-22', 'Estação Da Luz - Jd.pery Alto');
insert into bus_line (id, code, name) values (nextval('sq_bus_line'), '118C-24', 'Shopping - D - Jd. Pery Alto');
insert into bus_line (id, code, name) values (nextval('sq_bus_line'), '118C-41', 'Universidade São Francisco - Jd. Pery Alto');
insert into bus_line (id, code, name) values (nextval('sq_bus_line'), '118Y-10', 'Lauzane Paulista - Lapa');
insert into bus_line (id, code, name) values (nextval('sq_bus_line'), '119C-10', 'Vila Sabrina - Term.princesa Isabel');
insert into bus_line (id, code, name) values (nextval('sq_bus_line'), '119P-10', 'Vila Paiva - Term.bandeira');
insert into bus_line (id, code, name) values (nextval('sq_bus_line'), '1206-10', 'Pq. Vila Maria - Correio');
insert into bus_line (id, code, name) values (nextval('sq_bus_line'), '121G-10', 'Pq. Novo Mundo - Metro Tucuruvi');
insert into bus_line (id, code, name) values (nextval('sq_bus_line'), '128Y-10', 'Jd. Pery Alto - Lapa');
insert into bus_line (id, code, name) values (nextval('sq_bus_line'), '138Y-10', 'Casa Verde Alta - Metro Barra Funda');
insert into bus_line (id, code, name) values (nextval('sq_bus_line'), '148L-10', 'Cohab Antartica - Lapa');
insert into bus_line (id, code, name) values (nextval('sq_bus_line'), '148L-41', 'Mandaqui - Lapa');
insert into bus_line (id, code, name) values (nextval('sq_bus_line'), '148P-10', 'Jardim Pery - Term. Barra Funda');
insert into bus_line (id, code, name) values (nextval('sq_bus_line'), '1701-10', 'Jova Rural - Carandiru');
insert into bus_line (id, code, name) values (nextval('sq_bus_line'), '1701-51', 'Jova Rural - Carandiru');
insert into bus_line (id, code, name) values (nextval('sq_bus_line'), '1702-10', 'Jova Rural - Tiete');
insert into bus_line (id, code, name) values (nextval('sq_bus_line'), '1703-10', 'Jd. Fontalis - Center Norte');
insert into bus_line (id, code, name) values (nextval('sq_bus_line'), '1705-10', 'Jd. Sao Joao - Metro Tucuruvi');
insert into bus_line (id, code, name) values (nextval('sq_bus_line'), '1709-10', 'Jd. Joana D`arc - Metro Tucuruvi');
insert into bus_line (id, code, name) values (nextval('sq_bus_line'), '1709-21', 'Jd. Joamar - Metro Tucuruvi');
insert into bus_line (id, code, name) values (nextval('sq_bus_line'), '1720-10', 'Jd. Guanca - Cantareira');
insert into bus_line (id, code, name) values (nextval('sq_bus_line'), '1720-21', 'Vila Sabrina - Metro Tucuruvi');
insert into bus_line (id, code, name) values (nextval('sq_bus_line'), '1721-10', 'Vila Ede - Metro Carandiru');
insert into bus_line (id, code, name) values (nextval('sq_bus_line'), '1721-21', 'Vila Ede - Metrô Carandiru');
insert into bus_line (id, code, name) values (nextval('sq_bus_line'), '1721-51', 'Vila Ede - Term. Bandeira ');
insert into bus_line (id, code, name) values (nextval('sq_bus_line'), '1722-10', 'Jd. Marina - Metrô Tucuruvi');
insert into bus_line (id, code, name) values (nextval('sq_bus_line'), '1726-10', 'Vila Zilda - Metrô Santana');
insert into bus_line (id, code, name) values (nextval('sq_bus_line'), '1726-51', 'Clube Plêiades - Metrô Santana');
insert into bus_line (id, code, name) values (nextval('sq_bus_line'), '172J-10', 'Jd. Brasil - Tatuape');
insert into bus_line (id, code, name) values (nextval('sq_bus_line'), '172K-10', 'Jd. Tremembe - Metro Tatuape');
insert into bus_line (id, code, name) values (nextval('sq_bus_line'), '172N-10', 'Shop. Center Norte - Metro Belem');
insert into bus_line (id, code, name) values (nextval('sq_bus_line'), '172N-21', 'Uninove - Metrô Belém');
insert into bus_line (id, code, name) values (nextval('sq_bus_line'), '172N-22', 'Catumbi - Metrô Belém');
insert into bus_line (id, code, name) values (nextval('sq_bus_line'), '172P-10', 'Vila Zilda - Metro Belem');
insert into bus_line (id, code, name) values (nextval('sq_bus_line'), '172R-10', 'Jaçanã - Metro Belem');
insert into bus_line (id, code, name) values (nextval('sq_bus_line'), '172T-10', 'Vila Nova Galvao - Metro Bras');
insert into bus_line (id, code, name) values (nextval('sq_bus_line'), '172U-10', 'Cem.pq.dos Pinheiros - Mooca');
insert into bus_line (id, code, name) values (nextval('sq_bus_line'), '172X-10', 'Pq. Novo Mundo - Metro Tatuape');
insert into bus_line (id, code, name) values (nextval('sq_bus_line'), '172Y-10', 'Vila Constança - Metro Belem');
insert into bus_line (id, code, name) values (nextval('sq_bus_line'), '1730-10', 'Center Norte - Santana');
insert into bus_line (id, code, name) values (nextval('sq_bus_line'), '1732-10', 'Vila Sabrina - Metro Santa Cecilia');
insert into bus_line (id, code, name) values (nextval('sq_bus_line'), '1738-10', 'Vila Constancia - Metro Santana');
insert into bus_line (id, code, name) values (nextval('sq_bus_line'), '1741-10', 'Vila Dionisia - Metro Santana');
insert into bus_line (id, code, name) values (nextval('sq_bus_line'), '1741-21', 'Cons. Moreira Barros - Metro Santana');
insert into bus_line (id, code, name) values (nextval('sq_bus_line'), '1742-10', 'Jd. Antartica - Metro Santana');
insert into bus_line (id, code, name) values (nextval('sq_bus_line'), '1743-10', 'Jd. Pery Alto - Metro Tiete');
insert into bus_line (id, code, name) values (nextval('sq_bus_line'), '1743-51', 'Jardim Pery Alto - Terminal Amaral Gurgel');
insert into bus_line (id, code, name) values (nextval('sq_bus_line'), '1744-10', 'Lauzane Paulista - Metro Santana');
insert into bus_line (id, code, name) values (nextval('sq_bus_line'), '1744-21', 'Pca. Joaquim Lopes - Metro Santana');
insert into bus_line (id, code, name) values (nextval('sq_bus_line'), '1744-31', 'Lauzane Paulista - Metro Santana ');
insert into bus_line (id, code, name) values (nextval('sq_bus_line'), '1745-10', 'Vl.nova Cachoeirinha - Shop. Center Norte');
insert into bus_line (id, code, name) values (nextval('sq_bus_line'), '1745-41', 'Unip - Vila Guilherme - Vila Nova Cachoeirinha');
insert into bus_line (id, code, name) values (nextval('sq_bus_line'), '174M-10', 'Jd. Brasil - Museu Do Ipiranga');
insert into bus_line (id, code, name) values (nextval('sq_bus_line'), '1756-10', 'Pedra Branca - Metro Santana');
insert into bus_line (id, code, name) values (nextval('sq_bus_line'), '1757-10', 'Conj. Dos Bancarios - Metro Santana - Circular');
insert into bus_line (id, code, name) values (nextval('sq_bus_line'), '1758-10', 'Jd. Antartica - Metro Santana');
insert into bus_line (id, code, name) values (nextval('sq_bus_line'), '1758-51', 'Jardim Antartica - Terminal Amaral Gurgel');
insert into bus_line (id, code, name) values (nextval('sq_bus_line'), '1759-10', 'Jd. Pery - Metro Santana');
insert into bus_line (id, code, name) values (nextval('sq_bus_line'), '1759-21', 'Av. Peri Ronchetti - Metro Santana');
insert into bus_line (id, code, name) values (nextval('sq_bus_line'), '1759-41', 'Jd. Pery - Metro Santana');
insert into bus_line (id, code, name) values (nextval('sq_bus_line'), '175P-10', 'Metrô Santana - Ana Rosa');
insert into bus_line (id, code, name) values (nextval('sq_bus_line'), '175T-10', 'Metrô Santana - Metro Jabaquara');
insert into bus_line (id, code, name) values (nextval('sq_bus_line'), '1760-10', 'Cohab Antartica - Shop. Center Norte');
insert into bus_line (id, code, name) values (nextval('sq_bus_line'), '1760-41', 'Unip - Vila Guilherme - Cohab Antártica');
insert into bus_line (id, code, name) values (nextval('sq_bus_line'), '1764-10', 'Jd. Corisco - Metro Santana');
insert into bus_line (id, code, name) values (nextval('sq_bus_line'), '1764-41', 'Cemit. Pq. Da Cantareira - Metrô Parada Inglesa');
insert into bus_line (id, code, name) values (nextval('sq_bus_line'), '1765-10', 'Jd. Cabuçu - Metrô Tucuruvi');
insert into bus_line (id, code, name) values (nextval('sq_bus_line'), '1766-10', 'Jd. Cabuçu - Metro Santana');
insert into bus_line (id, code, name) values (nextval('sq_bus_line'), '1767-10', 'Edu Chaves - Metrô Tucuruvi');
insert into bus_line (id, code, name) values (nextval('sq_bus_line'), '1767-51', 'Edu Chaves - Term. Bandeira');
insert into bus_line (id, code, name) values (nextval('sq_bus_line'), '1771-10', 'Vila Zilda - Metro Santana');
insert into bus_line (id, code, name) values (nextval('sq_bus_line'), '1771-21', 'Jd. Fontalis - Metrô Tucuruvi');
insert into bus_line (id, code, name) values (nextval('sq_bus_line'), '1772-10', 'Jd. Filhos Da Terra - Metro Tucuruvi');
insert into bus_line (id, code, name) values (nextval('sq_bus_line'), '1772-31', 'Metrô Tucuruvi - Recanto Verde');
insert into bus_line (id, code, name) values (nextval('sq_bus_line'), '1772-51', 'Jd. Filhos Da Terra - Lgo. Da Concordia');
insert into bus_line (id, code, name) values (nextval('sq_bus_line'), '1773-10', 'Cem.pq.dos Pinheiros - Mandaqui');
insert into bus_line (id, code, name) values (nextval('sq_bus_line'), '1773-41', 'Vila Ayrosa - Metrô Tucuruvi');
insert into bus_line (id, code, name) values (nextval('sq_bus_line'), '1775-10', 'Vila Albertina - Center Norte');
insert into bus_line (id, code, name) values (nextval('sq_bus_line'), '1778-10', 'Jaçanâ - Metrô Santana');
insert into bus_line (id, code, name) values (nextval('sq_bus_line'), '1778-51', 'Cem. Pq. Dos Pinheiros - Pca. Do Correio');
insert into bus_line (id, code, name) values (nextval('sq_bus_line'), '177H-10', 'Metrô Santana - Butanta - Usp');
insert into bus_line (id, code, name) values (nextval('sq_bus_line'), '177H-21', 'Metrô Santana - Pinheiros');
insert into bus_line (id, code, name) values (nextval('sq_bus_line'), '177P-10', 'Casa Verde - Metrô Butanta - Circular');
insert into bus_line (id, code, name) values (nextval('sq_bus_line'), '177X-10', 'Jd. Pery Alto - Metro Vila Madalena');
insert into bus_line (id, code, name) values (nextval('sq_bus_line'), '177Y-10', 'Metrô Barra Funda -  Terminal Pinheiros');
insert into bus_line (id, code, name) values (nextval('sq_bus_line'), '1780-10', 'Jd. Hebron - Term. Parada Inglesa');
insert into bus_line (id, code, name) values (nextval('sq_bus_line'), '1782-10', 'Vila Nova Galvao - Metro Santana - Circular');
insert into bus_line (id, code, name) values (nextval('sq_bus_line'), '1782-31', 'Vila Nova Galvao - Santana');
insert into bus_line (id, code, name) values (nextval('sq_bus_line'), '1783-10', 'Cachoeira - Metro Santana');
insert into bus_line (id, code, name) values (nextval('sq_bus_line'), '1783-21', 'Cachoeira - Metrô Tucuruvi (circular)');
insert into bus_line (id, code, name) values (nextval('sq_bus_line'), '1783-22', 'Jd. Labitary - Metro Santana');
insert into bus_line (id, code, name) values (nextval('sq_bus_line'), '1783-41', 'Jd. Labitary - Metrô Parada Inglesa');
insert into bus_line (id, code, name) values (nextval('sq_bus_line'), '1783-51', 'Circular - Cachoeira-dib');
insert into bus_line (id, code, name) values (nextval('sq_bus_line'), '1783-52', 'Cachoeira - Pca. Do Correio');
insert into bus_line (id, code, name) values (nextval('sq_bus_line'), '1785-10', 'Vila Aurora - Metrô Santana');
insert into bus_line (id, code, name) values (nextval('sq_bus_line'), '1786-10', 'Vila Albertina - Metro Santana');
insert into bus_line (id, code, name) values (nextval('sq_bus_line'), '1787-10', 'Vila Marieta - Metro Santana');
insert into bus_line (id, code, name) values (nextval('sq_bus_line'), '1788-10', 'Jd. Fontalis - Metro Santana');
insert into bus_line (id, code, name) values (nextval('sq_bus_line'), '1788-51', 'Jd. Campo Limpo - Metro Santana');
insert into bus_line (id, code, name) values (nextval('sq_bus_line'), '1789-10', 'Recanto Verde - Metro  Santana');
insert into bus_line (id, code, name) values (nextval('sq_bus_line'), '178A-10', 'Metrô Santana - Lapa');
insert into bus_line (id, code, name) values (nextval('sq_bus_line'), '178L-10', 'Lauzane Paulista - Hosp. Das Clinicas');
insert into bus_line (id, code, name) values (nextval('sq_bus_line'), '178L-22', 'Lauzane Paulista - Metro Santana');
insert into bus_line (id, code, name) values (nextval('sq_bus_line'), '178T-10', 'Metro Santana - Ceasa');
insert into bus_line (id, code, name) values (nextval('sq_bus_line'), '178Y-10', 'Vila Amelia - Metro Jd. Sao Paulo');
insert into bus_line (id, code, name) values (nextval('sq_bus_line'), '179X-10', 'Jd. Fontalis - Metrô Barra Funda');
insert into bus_line (id, code, name) values (nextval('sq_bus_line'), '199D-10', 'Vila Iorio - Terminal Pinheiros');
insert into bus_line (id, code, name) values (nextval('sq_bus_line'), '2001-10', 'Term. Amaral Gurgel - Term. Pq. D. Pedro Ii');
insert into bus_line (id, code, name) values (nextval('sq_bus_line'), '2002-10', 'Term. Pq. D.pedro Ii - Term. Bandeira');
insert into bus_line (id, code, name) values (nextval('sq_bus_line'), '2004-10', 'Jd. Nsa. Sra. Do Caminho - Est. Cptm Guaianazes');
insert into bus_line (id, code, name) values (nextval('sq_bus_line'), '2005-10', 'Jd. Romano - Sao Miguel (circ.)');
insert into bus_line (id, code, name) values (nextval('sq_bus_line'), '2006-10', 'Cidade Kemel I - Est. Cptm Itaim Paulista');
insert into bus_line (id, code, name) values (nextval('sq_bus_line'), '2006-51', 'Terminal A. E. Carvalho - Cid. Kemel (circular)');
insert into bus_line (id, code, name) values (nextval('sq_bus_line'), '2007-10', 'Cidade Kemel Ii - Sao Miguel');
insert into bus_line (id, code, name) values (nextval('sq_bus_line'), '2007-21', 'Estação Cptm Itaim - Cidade Kemel Ii');
insert into bus_line (id, code, name) values (nextval('sq_bus_line'), '2008-10', 'Jd. Nsa.sra. Caminho - Estacao Itaim');
insert into bus_line (id, code, name) values (nextval('sq_bus_line'), '2008-41', 'Jd. Miriam - Itaim Paulista');
insert into bus_line (id, code, name) values (nextval('sq_bus_line'), '2009-10', 'Jd. Robru - Guaianazes');
insert into bus_line (id, code, name) values (nextval('sq_bus_line'), '2010-10', 'Jardim Brasil - Metrô Tietê (circular)');
insert into bus_line (id, code, name) values (nextval('sq_bus_line'), '2010-21', 'Jd. Brasil - Metrô Santana');
insert into bus_line (id, code, name) values (nextval('sq_bus_line'), '2010-31', 'Pq. Edu Chaves - Metrô Carandiru');
insert into bus_line (id, code, name) values (nextval('sq_bus_line'), '2011-10', 'Edu Chaves - Metrô Santana');
insert into bus_line (id, code, name) values (nextval('sq_bus_line'), '2016-10', 'Jd. Das Oliveiras - Sao Miguel');
insert into bus_line (id, code, name) values (nextval('sq_bus_line'), '2017-10', 'Jd. Robru - Sao Miguel (circ.)');
insert into bus_line (id, code, name) values (nextval('sq_bus_line'), '2018-10', 'Jd. Campos - Sao Miguel(circular)');
insert into bus_line (id, code, name) values (nextval('sq_bus_line'), '2019-10', 'Pq. Paineiras - Shopping Penha');
insert into bus_line (id, code, name) values (nextval('sq_bus_line'), '2021-10', 'Jd. Bandeirantes - Estacao Guaianazes');
insert into bus_line (id, code, name) values (nextval('sq_bus_line'), '2022-10', 'Jd. Dos Ipes - Term. A.e. Carvalho');
insert into bus_line (id, code, name) values (nextval('sq_bus_line'), '2022-51', 'Jd. Dos Ipes - Pq. D. Pedro Ii');
insert into bus_line (id, code, name) values (nextval('sq_bus_line'), '2031-10', 'Cidade Kemel Ii - Term. A.e. Carvalho');
insert into bus_line (id, code, name) values (nextval('sq_bus_line'), '2041-10', 'Vila Nova Silvia - Term. Penha');
insert into bus_line (id, code, name) values (nextval('sq_bus_line'), '2058-10', 'Term. Sao Miguel - Guaianazes');
insert into bus_line (id, code, name) values (nextval('sq_bus_line'), '2059-10', 'Sao Miguel - Guaianazes');
insert into bus_line (id, code, name) values (nextval('sq_bus_line'), '2060-10', 'Term. A.e. Carvalho - Metro Artur Alvim');
insert into bus_line (id, code, name) values (nextval('sq_bus_line'), '2076-10', 'Jd. Oliveiras - Term. Penha');
insert into bus_line (id, code, name) values (nextval('sq_bus_line'), '2078-10', 'Jd. Das Oliveiras - Term. São Miguel');
insert into bus_line (id, code, name) values (nextval('sq_bus_line'), '2079-10', 'Jd. Nelia - Estação Itaim Paulista (circular)');
insert into bus_line (id, code, name) values (nextval('sq_bus_line'), '2080-10', 'Cid. Kemel - Term. Aricanduva');
insert into bus_line (id, code, name) values (nextval('sq_bus_line'), '2080-21', 'Cid. Kemel - Term. São Miguel');
insert into bus_line (id, code, name) values (nextval('sq_bus_line'), '2088-10', 'Conj. Encosta Norte - Term. A.e. Carvalho');
insert into bus_line (id, code, name) values (nextval('sq_bus_line'), '208A-10', 'Penha - Metrô Carrão');
insert into bus_line (id, code, name) values (nextval('sq_bus_line'), '208V-10', 'Term. A.e.carvalho - Pq. D. Pedro Ii');
insert into bus_line (id, code, name) values (nextval('sq_bus_line'), '208V-51', 'Term. A. E. Carvalho - Term. Amaral Gurgel');
insert into bus_line (id, code, name) values (nextval('sq_bus_line'), '209C-10', 'Metrô Santana - Vila Madalena');
insert into bus_line (id, code, name) values (nextval('sq_bus_line'), '2100-10', 'Term. Vila Carrão - Pca. Da Sé');
insert into bus_line (id, code, name) values (nextval('sq_bus_line'), '2101-10', 'Pça. Silvio Romero - Pça. Da Sé');
insert into bus_line (id, code, name) values (nextval('sq_bus_line'), '2101-41', 'Pça. Silvio Romero - Vila Prudente');
insert into bus_line (id, code, name) values (nextval('sq_bus_line'), '2103-10', 'Jd. Brasil - Pca. Do Correio');
insert into bus_line (id, code, name) values (nextval('sq_bus_line'), '211R-10', 'Jd. Das Oliveiras - Estação Da Luz');
insert into bus_line (id, code, name) values (nextval('sq_bus_line'), '211R-21', 'Cidade Kemel - Term. A. E. Carvalho');
insert into bus_line (id, code, name) values (nextval('sq_bus_line'), '211V-10', 'Vila Paranagua - Estação Da Luz');
insert into bus_line (id, code, name) values (nextval('sq_bus_line'), '2123-10', 'Vila Medeiros - Metro Liberdade');
insert into bus_line (id, code, name) values (nextval('sq_bus_line'), '2127-10', 'Jd. Brasil - Metro Liberdade');
insert into bus_line (id, code, name) values (nextval('sq_bus_line'), '213C-10', 'Itaim Paulista - Vila California');
insert into bus_line (id, code, name) values (nextval('sq_bus_line'), '213C-31', 'Itaim Paulista - Vila California');
insert into bus_line (id, code, name) values (nextval('sq_bus_line'), '2161-10', 'Parque Edu Chaves - Praça Do Correio ');
insert into bus_line (id, code, name) values (nextval('sq_bus_line'), '2171-10', 'Vila Sabrina - Pq. D.pedro Ii');
insert into bus_line (id, code, name) values (nextval('sq_bus_line'), '2175-10', 'Jd. Guanca - Pça. Da Sé');
insert into bus_line (id, code, name) values (nextval('sq_bus_line'), '2175-31', 'Jd. Guanca - Pça. Da Sé');
insert into bus_line (id, code, name) values (nextval('sq_bus_line'), '2182-10', 'Jardim Brasil - Praça Do Correio');
insert into bus_line (id, code, name) values (nextval('sq_bus_line'), '2191-10', 'Shop. C.l.aricanduva - Term. Pq. D.pedro Ii');
insert into bus_line (id, code, name) values (nextval('sq_bus_line'), '2201-10', 'Divisa De Ferraz - Guaianazes');
insert into bus_line (id, code, name) values (nextval('sq_bus_line'), '2202-10', 'Hospital Itaim - Guaianazes');
insert into bus_line (id, code, name) values (nextval('sq_bus_line'), '2203-10', 'Burgo Paulista - Shopping Penha');
insert into bus_line (id, code, name) values (nextval('sq_bus_line'), '2290-10', 'Term. São Mateus - Term. Pq. D. Pedro Ii');
insert into bus_line (id, code, name) values (nextval('sq_bus_line'), '2290-21', 'São Mateus - Term. Pq. D. Pedro Ii');
insert into bus_line (id, code, name) values (nextval('sq_bus_line'), '2291-10', 'Term. São Mateus - Pça. Da República');
insert into bus_line (id, code, name) values (nextval('sq_bus_line'), '2296-10', 'Jd. Marilia - Term. Pq. D.pedro Ii');
insert into bus_line (id, code, name) values (nextval('sq_bus_line'), '233A-10', 'Jd. Helena - Ceret');
insert into bus_line (id, code, name) values (nextval('sq_bus_line'), '233C-10', 'Term. A.e. Carvalho - Ceret');
insert into bus_line (id, code, name) values (nextval('sq_bus_line'), '234A-10', 'Term. A.e. Carvalho - Jd. Helena');
insert into bus_line (id, code, name) values (nextval('sq_bus_line'), '2363-10', 'Jd. Danfer - Terminal Pq. D. Pedro Ii');
insert into bus_line (id, code, name) values (nextval('sq_bus_line'), '242P-10', 'Jd. Helena - Metro Penha');
insert into bus_line (id, code, name) values (nextval('sq_bus_line'), '2435-10', 'Jd. Coimbra - Pq. D. Pedro Ii');
insert into bus_line (id, code, name) values (nextval('sq_bus_line'), '2435-51', 'Term. A. E. Carvalho - Term. Amaral Gurgel');
insert into bus_line (id, code, name) values (nextval('sq_bus_line'), '2451-10', 'Vila Sao Francisco - Pq.d. Pedro Ii');
insert into bus_line (id, code, name) values (nextval('sq_bus_line'), '2451-21', 'Vila Sao Francisco - Terminal Aricanduva');
insert into bus_line (id, code, name) values (nextval('sq_bus_line'), '2460-10', 'Cemiterio Da Saudade - Term. Pq. D.pedro Ii');
insert into bus_line (id, code, name) values (nextval('sq_bus_line'), '2463-10', 'Burgo Paulista - Term. Aricanduva');
insert into bus_line (id, code, name) values (nextval('sq_bus_line'), '2501-10', 'Ermelino Matarazzo - Terminal Pq. D.pedro Ii');
insert into bus_line (id, code, name) values (nextval('sq_bus_line'), '2501-21', 'Vila Cisper - Terminal Pq.d.pedro Ii');
insert into bus_line (id, code, name) values (nextval('sq_bus_line'), '2501-31', 'Jd. Verônia - Terminal Pq. D. Pedro Ii');
insert into bus_line (id, code, name) values (nextval('sq_bus_line'), '2522-10', 'Jd. Santo Antonio - Shop. C.l.aricanduva');
insert into bus_line (id, code, name) values (nextval('sq_bus_line'), '2523-10', 'Vila Progresso - Term.princesa Isabel');
insert into bus_line (id, code, name) values (nextval('sq_bus_line'), '2523-21', 'Vila Progresso - Term. Princ. Isabel');
insert into bus_line (id, code, name) values (nextval('sq_bus_line'), '253F-10', 'Term. A.e. Carvalho - Term. Sao Mateus');
insert into bus_line (id, code, name) values (nextval('sq_bus_line'), '2551-10', 'Term. A.e. Carvalho - Term. Pq. D.pedro Ii');
insert into bus_line (id, code, name) values (nextval('sq_bus_line'), '2552-10', 'Vila Mara - Term. Pq. D.pedro Ii');
insert into bus_line (id, code, name) values (nextval('sq_bus_line'), '2552-32', 'Vila Mara - Term. Pq.d. Pedro Ii');
insert into bus_line (id, code, name) values (nextval('sq_bus_line'), '2552-41', 'Jd. São Martinho - Term. Pq. D.pedro Ii');
insert into bus_line (id, code, name) values (nextval('sq_bus_line'), '2582-10', 'Vila Nova Curuca - Term. Pq. D.pedro Ii');
insert into bus_line (id, code, name) values (nextval('sq_bus_line'), '2582-21', 'Cid. Pedro J. Nunes - Term. Pq. D.pedro Ii');
insert into bus_line (id, code, name) values (nextval('sq_bus_line'), '2583-10', 'Vila Curuca - Term. Pq. D.pedro Ii');
insert into bus_line (id, code, name) values (nextval('sq_bus_line'), '2590-10', 'Uniao De Vila Nova - Pq. D. Pedro Ii');
insert into bus_line (id, code, name) values (nextval('sq_bus_line'), '2590-21', 'Uniao De Vila Nova - Pq. D. Pedro Ii');
insert into bus_line (id, code, name) values (nextval('sq_bus_line'), '2626-10', 'Jd. Nazare - Term. Pq. D.pedro Ii');
insert into bus_line (id, code, name) values (nextval('sq_bus_line'), '2626-21', 'Jd. Nazaré - Term. Pq. D. Pedro Ii');
insert into bus_line (id, code, name) values (nextval('sq_bus_line'), '2626-31', 'Jd. Nazaré - Term. Pq. D. Pedro Ii');
insert into bus_line (id, code, name) values (nextval('sq_bus_line'), '2628-10', 'Jd. Nazare - Term. Aricanduva');
insert into bus_line (id, code, name) values (nextval('sq_bus_line'), '2628-22', 'Jd. Nazare - Term. São Miguel');
insert into bus_line (id, code, name) values (nextval('sq_bus_line'), '263C-10', 'Jd. Helena - Cohab Ii');
insert into bus_line (id, code, name) values (nextval('sq_bus_line'), '263J-10', 'Penha - Conj. Jose Bonifacio');
insert into bus_line (id, code, name) values (nextval('sq_bus_line'), '2666-10', 'Jd. Camargo Velho - Term. Pq. D.pedro Ii');
insert into bus_line (id, code, name) values (nextval('sq_bus_line'), '2666-21', 'Jd. Camargo Velho - Term. Pq. D.pedro Ii');
insert into bus_line (id, code, name) values (nextval('sq_bus_line'), '2666-32', 'Jd. Camargo Velho - Term.pq.d.pedro Ii');
insert into bus_line (id, code, name) values (nextval('sq_bus_line'), '2666-51', 'Jd. Camargo Velho - Term. A. E. Carvalho');
insert into bus_line (id, code, name) values (nextval('sq_bus_line'), '2678-10', 'Oliveirinha - Term. Pq. D.pedro Ii');
insert into bus_line (id, code, name) values (nextval('sq_bus_line'), '2678-22', 'Largo Da Concordia - Oliveirinha');
insert into bus_line (id, code, name) values (nextval('sq_bus_line'), '2678-31', 'Oliveirinha - Term. Pq.d. Pedro Ii');
insert into bus_line (id, code, name) values (nextval('sq_bus_line'), '2678-41', 'Jd. Camargo Novo - Term. Pq. D. Pedro Ii');
insert into bus_line (id, code, name) values (nextval('sq_bus_line'), '2678-51', 'Oliveirinha - Term. A. E. Carvalho');
insert into bus_line (id, code, name) values (nextval('sq_bus_line'), '2702-10', 'Vila Americana - Metro Artur Alvim');
insert into bus_line (id, code, name) values (nextval('sq_bus_line'), '2702-21', 'Jd. Pedro J. Nunes - Metro Artur Alvim');
insert into bus_line (id, code, name) values (nextval('sq_bus_line'), '2703-10', 'Jd. Etelvina - Metro Itaquera');
insert into bus_line (id, code, name) values (nextval('sq_bus_line'), '2703-21', 'Jd. Etelvina - Metro Itaquera');
insert into bus_line (id, code, name) values (nextval('sq_bus_line'), '2703-22', 'Jd. Gianetti - Metro Itaquera');
insert into bus_line (id, code, name) values (nextval('sq_bus_line'), '2704-10', 'Jd. Robru - Metro Itaquera');
insert into bus_line (id, code, name) values (nextval('sq_bus_line'), '2705-10', 'Jd. Fanganielo - Metro Itaquera');
insert into bus_line (id, code, name) values (nextval('sq_bus_line'), '2706-10', 'Cemiterio Da Saudade - Metro Vila Matilde');
insert into bus_line (id, code, name) values (nextval('sq_bus_line'), '2707-10', 'Chabilandia - Metro Itaquera');
insert into bus_line (id, code, name) values (nextval('sq_bus_line'), '2707-31', 'Chabilandia - Metro Itaquera');
insert into bus_line (id, code, name) values (nextval('sq_bus_line'), '2708-10', 'Jd. Lajeado - Metro Itaquera');
insert into bus_line (id, code, name) values (nextval('sq_bus_line'), '2709-10', 'Vila Uniao - Metro Patriarca');
insert into bus_line (id, code, name) values (nextval('sq_bus_line'), '2709-31', 'Vila Uniao - Metro Patriarca');
insert into bus_line (id, code, name) values (nextval('sq_bus_line'), '2710-10', 'Metro Patriarca - Burgo Paulista');
insert into bus_line (id, code, name) values (nextval('sq_bus_line'), '2710-31', 'Metro Patriarca - Vila Sao Francisco');
insert into bus_line (id, code, name) values (nextval('sq_bus_line'), '2711-10', 'Ponte Rasa - Metro Patriarca');
insert into bus_line (id, code, name) values (nextval('sq_bus_line'), '2712-10', 'Jd. Sao Nicolau - Shop. Metrô Itaquera (circular)');
insert into bus_line (id, code, name) values (nextval('sq_bus_line'), '2713-10', 'Metro Penha - Chacara Bela Vista');
insert into bus_line (id, code, name) values (nextval('sq_bus_line'), '2714-10', 'Metrô Vila Matilde - Vila Rui Barbosa');
insert into bus_line (id, code, name) values (nextval('sq_bus_line'), '2715-10', 'Vila Silvia - Metro Patriarca');
insert into bus_line (id, code, name) values (nextval('sq_bus_line'), '2716-10', 'Chac. Cruz. Do Sul - Metro Penha');
insert into bus_line (id, code, name) values (nextval('sq_bus_line'), '2717-10', 'Metrô Guilhermina - Cangaíba');
insert into bus_line (id, code, name) values (nextval('sq_bus_line'), '2718-10', 'Vila Silvia - Metro Penha');
insert into bus_line (id, code, name) values (nextval('sq_bus_line'), '2719-10', 'Ermelino Matarazzo - Metro Vila Matilde');
insert into bus_line (id, code, name) values (nextval('sq_bus_line'), '271A-10', 'Term. Penha - Metro Santana');
insert into bus_line (id, code, name) values (nextval('sq_bus_line'), '271A-51', 'Cangaiba - Metro Santana');
insert into bus_line (id, code, name) values (nextval('sq_bus_line'), '271C-10', 'Pq Vila  Maria  - Term Princ Isabel');
insert into bus_line (id, code, name) values (nextval('sq_bus_line'), '271F-10', 'Metro Belem - Shop. Center Norte');
insert into bus_line (id, code, name) values (nextval('sq_bus_line'), '271M-10', 'Pq. Novo Mundo - Metro Santana');
insert into bus_line (id, code, name) values (nextval('sq_bus_line'), '271P-10', 'Cangaiba - Est. Da Luz');
insert into bus_line (id, code, name) values (nextval('sq_bus_line'), '2720-10', 'Jd. Belem - Metro Guilhermina');
insert into bus_line (id, code, name) values (nextval('sq_bus_line'), '2720-31', 'Jd. Belem - Metro Guilhermina');
insert into bus_line (id, code, name) values (nextval('sq_bus_line'), '2721-10', 'Jd. Nazare - Metro Itaquera');
insert into bus_line (id, code, name) values (nextval('sq_bus_line'), '2722-10', 'Jd. Veronia - Metro Guilhermina');
insert into bus_line (id, code, name) values (nextval('sq_bus_line'), '2722-31', 'Jd. Veronia - Metro Guilhermina');
insert into bus_line (id, code, name) values (nextval('sq_bus_line'), '2723-10', 'Uniao De Vila Nova - Metro Itaquera');
insert into bus_line (id, code, name) values (nextval('sq_bus_line'), '2724-10', 'Metro Artur Alvim - Conj. Araucaria');
insert into bus_line (id, code, name) values (nextval('sq_bus_line'), '2725-10', 'Jd. Sao Carlos - Metro Artur Alvim');
insert into bus_line (id, code, name) values (nextval('sq_bus_line'), '2726-10', 'Limoeiro - Metro Penha');
insert into bus_line (id, code, name) values (nextval('sq_bus_line'), '2727-10', 'Metrô Artur Alvim - Conj. A. E. Carvalho');
insert into bus_line (id, code, name) values (nextval('sq_bus_line'), '2728-10', 'Jd. Do Castelo - Metro Penha');
insert into bus_line (id, code, name) values (nextval('sq_bus_line'), '272N-10', 'Pq. Novo Mundo - Pq. D.pedro Ii');
insert into bus_line (id, code, name) values (nextval('sq_bus_line'), '2730-10', 'Vila Jacui - Metro Artur Alvim');
insert into bus_line (id, code, name) values (nextval('sq_bus_line'), '2731-10', 'Vila Progresso - Metro Itaquera');
insert into bus_line (id, code, name) values (nextval('sq_bus_line'), '2732-10', 'Metrô Artur Alvim - Vila Regina (circular)');
insert into bus_line (id, code, name) values (nextval('sq_bus_line'), '2733-10', 'Pq. Guarani - Metro Itaquera');
insert into bus_line (id, code, name) values (nextval('sq_bus_line'), '2734-10', 'Jd. Campos - Metro Itaquera');
insert into bus_line (id, code, name) values (nextval('sq_bus_line'), '2735-10', 'Jd. Keralux - Metro Penha');
insert into bus_line (id, code, name) values (nextval('sq_bus_line'), '2736-10', 'Ermelino Matarazzo - Metro Penha');
insert into bus_line (id, code, name) values (nextval('sq_bus_line'), '273D-10', 'Pq. D. Joao Nery - Metro Artur Alvim');
insert into bus_line (id, code, name) values (nextval('sq_bus_line'), '273F-10', 'Vila Mara - Metro Itaquera');
insert into bus_line (id, code, name) values (nextval('sq_bus_line'), '273G-10', 'Jd. Helena - Metro Artur Alvim');
insert into bus_line (id, code, name) values (nextval('sq_bus_line'), '273G-21', 'Jd. Noemia - Metrô Artur Alvim');
insert into bus_line (id, code, name) values (nextval('sq_bus_line'), '273J-10', 'Jd. Romano - Metro Penha');
insert into bus_line (id, code, name) values (nextval('sq_bus_line'), '273L-10', 'Jd. Moreno - Metro Artur Alvim');
insert into bus_line (id, code, name) values (nextval('sq_bus_line'), '273N-10', 'Cidade Kemel Ii - Metro Vila Matilde');
insert into bus_line (id, code, name) values (nextval('sq_bus_line'), '273N-41', 'Itaim Paulista - Metro Vila Matilde');
insert into bus_line (id, code, name) values (nextval('sq_bus_line'), '273R-10', 'Jd. Robru - Metro Artur Alvim');
insert into bus_line (id, code, name) values (nextval('sq_bus_line'), '273R-42', 'Jd. Robru - Metro Itaquera');
insert into bus_line (id, code, name) values (nextval('sq_bus_line'), '273R-51', 'Jd. Robru - Term. A. E. Carvalho');
insert into bus_line (id, code, name) values (nextval('sq_bus_line'), '273U-10', 'Vila Jacui - Metro Artur Alvim');
insert into bus_line (id, code, name) values (nextval('sq_bus_line'), '273V-10', 'Parada Xv Novembro - Metro Penha');
insert into bus_line (id, code, name) values (nextval('sq_bus_line'), '273X-10', 'Jd. Das Oliveiras - Metro Artur Alvim');
insert into bus_line (id, code, name) values (nextval('sq_bus_line'), '2740-10', 'Pedra Branca - Metrô Santana');
insert into bus_line (id, code, name) values (nextval('sq_bus_line'), '2740-41', 'Horto Florestal - Metrô Parada Inglesa');
insert into bus_line (id, code, name) values (nextval('sq_bus_line'), '274P-10', 'Penha - Metro Vila Mariana');
insert into bus_line (id, code, name) values (nextval('sq_bus_line'), '2755-10', 'Guaianazes - Metro Penha');
insert into bus_line (id, code, name) values (nextval('sq_bus_line'), '2755-42', 'Guaianazes - Metro Penha');
insert into bus_line (id, code, name) values (nextval('sq_bus_line'), '2755-51', 'Guaianazes - Term. A.e. Carvalho');
insert into bus_line (id, code, name) values (nextval('sq_bus_line'), '2756-10', 'Guaianazes - Metro Patriarca');
insert into bus_line (id, code, name) values (nextval('sq_bus_line'), '2762-10', 'Ermelino Matarazzo - Metro Tatuape');
insert into bus_line (id, code, name) values (nextval('sq_bus_line'), '2764-10', 'Vila Nova Curuca - Metro Penha');
insert into bus_line (id, code, name) values (nextval('sq_bus_line'), '2765-10', 'Vila Cisper - Metro Tatuape');
insert into bus_line (id, code, name) values (nextval('sq_bus_line'), '2766-10', 'Jd. Camargo Velho - Metro Itaquera');
insert into bus_line (id, code, name) values (nextval('sq_bus_line'), '2766-41', 'Jd. Indaia - Metro Itaquera');
insert into bus_line (id, code, name) values (nextval('sq_bus_line'), '2767-10', 'Cid. Pedro J. Nunes - Metro Tatuape');
insert into bus_line (id, code, name) values (nextval('sq_bus_line'), '2768-10', 'Vila Mara - Metro Penha');
insert into bus_line (id, code, name) values (nextval('sq_bus_line'), '2769-10', 'Jd. Romano - Metro Tatuape');
insert into bus_line (id, code, name) values (nextval('sq_bus_line'), '2770-10', 'Estação José Bonifácio - Metro Vila Matilde');
insert into bus_line (id, code, name) values (nextval('sq_bus_line'), '2772-10', 'Jd. Nazare - Metro Penha');
insert into bus_line (id, code, name) values (nextval('sq_bus_line'), '2780-10', 'Jd. Camargo Novo - Metro Itaquera');
insert into bus_line (id, code, name) values (nextval('sq_bus_line'), '278A-10', 'Metrô Santana - Penha  ');
insert into bus_line (id, code, name) values (nextval('sq_bus_line'), '297A-10', 'Limão - Metro Barra Funda');
insert into bus_line (id, code, name) values (nextval('sq_bus_line'), '3001-10', 'Itaim Paulista - Term. São Miguel');
insert into bus_line (id, code, name) values (nextval('sq_bus_line'), '3002-10', 'Jd. Mabel - Sao Miguel');
insert into bus_line (id, code, name) values (nextval('sq_bus_line'), '3003-10', 'Jd. São Martinho - Cptm Vila Mara/itaim (circular)');
insert into bus_line (id, code, name) values (nextval('sq_bus_line'), '3004-10', 'Jd. São Martinho   - Cptm Vila Mara/itaim (circular)');
insert into bus_line (id, code, name) values (nextval('sq_bus_line'), '3006-10', 'Jd. Fanganielo - Estação Cptm Guaianazes (circ.)');
insert into bus_line (id, code, name) values (nextval('sq_bus_line'), '3013-10', 'Term. Cid.tiradentes - Metalurgicos');
insert into bus_line (id, code, name) values (nextval('sq_bus_line'), '3019-10', 'Term. Cid.tiradentes - Vila Paulista I');
insert into bus_line (id, code, name) values (nextval('sq_bus_line'), '3020-10', 'V. Cosmopolita - Shop.c.l. Aricanduva');
insert into bus_line (id, code, name) values (nextval('sq_bus_line'), '3020-31', 'Conj. Jose Bonifacio - Shop.c.l. Aricanduva');
insert into bus_line (id, code, name) values (nextval('sq_bus_line'), '3021-10', 'Pq. Bancario - Vila Prudente');
insert into bus_line (id, code, name) values (nextval('sq_bus_line'), '3023-10', 'Pq. Sao Rafael - Shop. Aricanduva');
insert into bus_line (id, code, name) values (nextval('sq_bus_line'), '3024-10', 'Vila Industrial - Vila Prudente');
insert into bus_line (id, code, name) values (nextval('sq_bus_line'), '3025-10', 'Jd. Wilma Flor - Est. Guaianazes-cptm');
insert into bus_line (id, code, name) values (nextval('sq_bus_line'), '3026-10', 'Vila Iolanda Ii - Est.guaianazes-cptm');
insert into bus_line (id, code, name) values (nextval('sq_bus_line'), '3027-10', 'Vila Minerva - Shop. Aricanduva');
insert into bus_line (id, code, name) values (nextval('sq_bus_line'), '3029-10', 'Jd. Das Rosas - Metro Tatuape');
insert into bus_line (id, code, name) values (nextval('sq_bus_line'), '3031-10', 'Jd. Alto Paulistano - Metrô Itaquera');
insert into bus_line (id, code, name) values (nextval('sq_bus_line'), '3032-10', 'Term. Vila Carrão - Circular');
insert into bus_line (id, code, name) values (nextval('sq_bus_line'), '3033-10', 'Guaianazes - Sao Mateus');
insert into bus_line (id, code, name) values (nextval('sq_bus_line'), '3033-41', 'Term. Sao Mateus - Pq. Boa Esperança');
insert into bus_line (id, code, name) values (nextval('sq_bus_line'), '3046-10', 'Vila Guarani - Tatuape');
insert into bus_line (id, code, name) values (nextval('sq_bus_line'), '3053-10', 'Jd. Itapolis - Metro Belem');
insert into bus_line (id, code, name) values (nextval('sq_bus_line'), '3054-10', 'Jd. Palanque - Hosp. Sapopemba');
insert into bus_line (id, code, name) values (nextval('sq_bus_line'), '3056-10', 'Jd. Da Conquista - Term. Sao Mateus');
insert into bus_line (id, code, name) values (nextval('sq_bus_line'), '3059-10', 'Vila Yolanda - Term. São Mateus');
insert into bus_line (id, code, name) values (nextval('sq_bus_line'), '3060-10', 'Jd. Santo Andre - Term. Sao Mateus');
insert into bus_line (id, code, name) values (nextval('sq_bus_line'), '3063-10', 'Guaianazes - Term. Sao Mateus');
insert into bus_line (id, code, name) values (nextval('sq_bus_line'), '3063-41', 'Guaianazes - Term. Sao Mateus');
insert into bus_line (id, code, name) values (nextval('sq_bus_line'), '3064-10', 'Cid. Tiradentes - Est. Guaianazes-cptm');
insert into bus_line (id, code, name) values (nextval('sq_bus_line'), '3064-41', 'Term. Cid. Tiradentes - Santa Etelvina Ii B6');
insert into bus_line (id, code, name) values (nextval('sq_bus_line'), '3065-10', 'Cid. Tiradentes - Term. Sao Mateus');
insert into bus_line (id, code, name) values (nextval('sq_bus_line'), '3066-10', 'Term. Cid.tiradentes - Vila Yolanda');
insert into bus_line (id, code, name) values (nextval('sq_bus_line'), '3069-10', 'Jd.recanto Verde Sol - Term. Sao Mateus');
insert into bus_line (id, code, name) values (nextval('sq_bus_line'), '3070-10', 'Jd. Limoeiro - Term. São Mateus');
insert into bus_line (id, code, name) values (nextval('sq_bus_line'), '307C-10', 'Conj.encosta Norte - Metro Artur Alvim');
insert into bus_line (id, code, name) values (nextval('sq_bus_line'), '3098-10', 'Jardim Sao Francisco - Shop. Aricanduva');
insert into bus_line (id, code, name) values (nextval('sq_bus_line'), '3098-31', 'Jardim Sao Francisco  - Shop. Aricanduva (via Jd. Elisabeth)');
insert into bus_line (id, code, name) values (nextval('sq_bus_line'), '3099-10', 'Hospital Sao Mateus - Jd. Da Conquista');
insert into bus_line (id, code, name) values (nextval('sq_bus_line'), '309N-10', 'Jd. Iv Centenário - Term. Pq. D. Pedro Ii');
insert into bus_line (id, code, name) values (nextval('sq_bus_line'), '309T-10', 'Cidade Tiradentes - Term. Princ. Isabel');
insert into bus_line (id, code, name) values (nextval('sq_bus_line'), '309T-22', 'Term. Cid. Tiradentes - Term.princ. Isabel');
insert into bus_line (id, code, name) values (nextval('sq_bus_line'), '309T-23', 'Jd. Iguatemi - Term. Princ. Isabel ');
insert into bus_line (id, code, name) values (nextval('sq_bus_line'), '3112-10', 'Vila Industrial - Metro Belem');
insert into bus_line (id, code, name) values (nextval('sq_bus_line'), '311C-10', 'Pq. Sao Lucas - Bom Retiro');
insert into bus_line (id, code, name) values (nextval('sq_bus_line'), '3124-10', 'Cohab Fazenda Do Carmo - Term. Pq. D. Pedro Ii');
insert into bus_line (id, code, name) values (nextval('sq_bus_line'), '3129-10', 'Cj. Manoel Da Nobrega - Term. Pq.d. Pedro Ii');
insert into bus_line (id, code, name) values (nextval('sq_bus_line'), '312N-10', 'Term. Cid. Tiradentes - São Miguel Paulista');
insert into bus_line (id, code, name) values (nextval('sq_bus_line'), '312T-10', 'Guaianazes - Lgo. Da Concordia');
insert into bus_line (id, code, name) values (nextval('sq_bus_line'), '312T-51', 'Guaianazes - Pq. D.pedro Ii');
insert into bus_line (id, code, name) values (nextval('sq_bus_line'), '3134-10', 'Shop. Aricanduva - Metrô Tamanduateí');
insert into bus_line (id, code, name) values (nextval('sq_bus_line'), '3139-10', 'Jd. Vila Formosa - Pça João Mendes ');
insert into bus_line (id, code, name) values (nextval('sq_bus_line'), '3139-31', 'Jd. Vila Formosa - Praça Da República');
insert into bus_line (id, code, name) values (nextval('sq_bus_line'), '3141-10', 'Term. Sao Mateus - Term. Pq. D.pedro Ii');
insert into bus_line (id, code, name) values (nextval('sq_bus_line'), '3141-51', 'Vila Ester - Term. Pq.d. Pedro Ii');
insert into bus_line (id, code, name) values (nextval('sq_bus_line'), '314J-10', 'Santa Madalena - Metro Liberdade');
insert into bus_line (id, code, name) values (nextval('sq_bus_line'), '314V-10', 'Vila Ema - Metro Liberdade');
insert into bus_line (id, code, name) values (nextval('sq_bus_line'), '3160-10', 'Term. Vila Prudente - Term. Pq. D. Pedro Ii');
insert into bus_line (id, code, name) values (nextval('sq_bus_line'), '3161-10', 'Jd. Colorado - Term. Pq. D.pedro Ii');
insert into bus_line (id, code, name) values (nextval('sq_bus_line'), '3161-21', 'Jd. Colorado - Mooca');
insert into bus_line (id, code, name) values (nextval('sq_bus_line'), '319F-10', 'Santa Clara - Estação Da Luz');
insert into bus_line (id, code, name) values (nextval('sq_bus_line'), '3204-10', 'Jd. Lisboa - Term. Aricanduva');
insert into bus_line (id, code, name) values (nextval('sq_bus_line'), '3205-10', 'Jd. Camargo Velho - Term. São Miguel');
insert into bus_line (id, code, name) values (nextval('sq_bus_line'), '3206-10', 'Metro Penha - Conj. Chaparral');
insert into bus_line (id, code, name) values (nextval('sq_bus_line'), '3222-10', 'Jd. Marilia - Term. Pq. D.pedro Ii');
insert into bus_line (id, code, name) values (nextval('sq_bus_line'), '3301-10', 'Term. São Miguel - Term. Pq. D. Pedro Ll');
insert into bus_line (id, code, name) values (nextval('sq_bus_line'), '3303-10', 'Prestes Maia - Term. Pq. D.pedro Ii');
insert into bus_line (id, code, name) values (nextval('sq_bus_line'), '3306-10', 'Itaquera - Pq. D. Pedro Ii');
insert into bus_line (id, code, name) values (nextval('sq_bus_line'), '3309-10', 'Vila Carrão - Ccpd-raul Tabajara');
insert into bus_line (id, code, name) values (nextval('sq_bus_line'), '3310-10', 'Term. Amaral Gurgel - Cidade Tiradentes (circular)');
insert into bus_line (id, code, name) values (nextval('sq_bus_line'), '331T-10', 'Jd. Helena - Ccpd Raul Tabajara');
insert into bus_line (id, code, name) values (nextval('sq_bus_line'), '3354-10', 'Jd. Colonial - Term. Pq. D.pedro Ii');
insert into bus_line (id, code, name) values (nextval('sq_bus_line'), '3390-10', 'Term. São Mateus - Term. Pq. D.pedro Ii');
insert into bus_line (id, code, name) values (nextval('sq_bus_line'), '3391-10', 'Term. São Mateus - Term. Pq. D.pedro Ii');
insert into bus_line (id, code, name) values (nextval('sq_bus_line'), '3391-31', 'Term. São Mateus - Term. Pq. D.pedro Ii');
insert into bus_line (id, code, name) values (nextval('sq_bus_line'), '3391-32', 'Term. São Mateus - Cambuci');
insert into bus_line (id, code, name) values (nextval('sq_bus_line'), '3406-10', 'Cohab Juscelino - Term. Pq. D.pedro Ii');
insert into bus_line (id, code, name) values (nextval('sq_bus_line'), '3407-10', 'Inácio Monteiro - Term. Pq. D.pedro Ii');
insert into bus_line (id, code, name) values (nextval('sq_bus_line'), '3409-10', 'Inácio Monteiro - Term. Pq.d. Pedro Ii');
insert into bus_line (id, code, name) values (nextval('sq_bus_line'), '3414-10', 'Vila Dalila - Term. Pq. D.pedro Ii');
insert into bus_line (id, code, name) values (nextval('sq_bus_line'), '3414-21', 'Vila Dalila - Metrô Tatuapé');
insert into bus_line (id, code, name) values (nextval('sq_bus_line'), '342A-10', 'Est. José Bonifácio - Term. Penha');
insert into bus_line (id, code, name) values (nextval('sq_bus_line'), '342C-10', 'Jd. Marilia - Penha');
insert into bus_line (id, code, name) values (nextval('sq_bus_line'), '342M-10', 'Term. São Mateus - Term. Penha');
insert into bus_line (id, code, name) values (nextval('sq_bus_line'), '342N-10', 'Cohab Pres. Juscelino Kubitscheck - A. E. Carvalho');
insert into bus_line (id, code, name) values (nextval('sq_bus_line'), '3459-10', 'Itaim Paulista - Term. Pq. D.pedro Ii');
insert into bus_line (id, code, name) values (nextval('sq_bus_line'), '3459-21', 'Cemiterio Da Saudade - Term. Pq. D.pedro Ii');
insert into bus_line (id, code, name) values (nextval('sq_bus_line'), '3459-23', 'Metro Bresser - Itaim Paulista');
insert into bus_line (id, code, name) values (nextval('sq_bus_line'), '3459-24', 'Itaim Paulista - Term. Pq. D. Pedro Ii');
insert into bus_line (id, code, name) values (nextval('sq_bus_line'), '3462-10', 'Vila Santana - Term. Pq. D.pedro Ii');
insert into bus_line (id, code, name) values (nextval('sq_bus_line'), '3462-41', 'Jd. Vila Nova - Term. Pq.d. Pedro Ii');
insert into bus_line (id, code, name) values (nextval('sq_bus_line'), '351F-10', 'Jacana - Term. Vila Carrao');
insert into bus_line (id, code, name) values (nextval('sq_bus_line'), '351F-41', 'Jacana - Pq. Novo Mundo');
insert into bus_line (id, code, name) values (nextval('sq_bus_line'), '352A-10', 'Jd. Helena - Term. Sao Mateus');
insert into bus_line (id, code, name) values (nextval('sq_bus_line'), '3539-10', 'Cidade Tiradentes - Term. Pq.d. Pedro Ii');
insert into bus_line (id, code, name) values (nextval('sq_bus_line'), '3539-21', 'Term. Cid.tiradentes - Term. Pq. D.pedro Ii');
insert into bus_line (id, code, name) values (nextval('sq_bus_line'), '354M-10', 'Term. São Miguel - Term. São Mateus');
insert into bus_line (id, code, name) values (nextval('sq_bus_line'), '3574-10', 'Jd. Etelvina - Term. Pq. D.pedro Ii');
insert into bus_line (id, code, name) values (nextval('sq_bus_line'), '3574-25', 'Metro Bresser - Jd. Etelvina');
insert into bus_line (id, code, name) values (nextval('sq_bus_line'), '3574-31', 'Jd. Etelvina - Term. Pq. D.pedro Ii');
insert into bus_line (id, code, name) values (nextval('sq_bus_line'), '3574-41', 'Vila Taquari - Term. Pq. D.pedro Ii');
insert into bus_line (id, code, name) values (nextval('sq_bus_line'), '364A-10', 'Hospital Ipiranga - Shop. C. L. Aricanduva');
insert into bus_line (id, code, name) values (nextval('sq_bus_line'), '364A-21', 'Cohab Teotonio Vilela - Metro Vila Prudente');
insert into bus_line (id, code, name) values (nextval('sq_bus_line'), '3686-10', 'Jd. Sao Paulo - Term. Pq. D.pedro Ii');
insert into bus_line (id, code, name) values (nextval('sq_bus_line'), '3686-43', 'Xv De Novembro - Term. Pq. D.pedro Ii');
insert into bus_line (id, code, name) values (nextval('sq_bus_line'), '3701-10', 'Jd. Da Conquista - Metrô Belém');
insert into bus_line (id, code, name) values (nextval('sq_bus_line'), '3703-10', 'Jd. Nova Vitoria - Metro Carrao');
insert into bus_line (id, code, name) values (nextval('sq_bus_line'), '3707-10', 'Jd. Sao Francisco - Metro Itaquera');
insert into bus_line (id, code, name) values (nextval('sq_bus_line'), '3712-10', 'Jd. Sao Joao - Metro Itaquera');
insert into bus_line (id, code, name) values (nextval('sq_bus_line'), '3712-41', 'Jd. Sao Pedro - Metro Itaquera');
insert into bus_line (id, code, name) values (nextval('sq_bus_line'), '3718-10', 'Metro Artur Alvim - Nova America');
insert into bus_line (id, code, name) values (nextval('sq_bus_line'), '3720-10', 'Cidade Tiradentes - Metrô Tatuapé');
insert into bus_line (id, code, name) values (nextval('sq_bus_line'), '3720-31', 'Cidade Tiradentes - Metrô Tatuapé');
insert into bus_line (id, code, name) values (nextval('sq_bus_line'), '3721-10', 'Shop.c.l. Aricanduva - Metro Artur Alvim');
insert into bus_line (id, code, name) values (nextval('sq_bus_line'), '3721-41', 'Shop.c.l. Aricanduva - Metrô Itaquera');
insert into bus_line (id, code, name) values (nextval('sq_bus_line'), '3722-10', 'Cohab Jose Bonifacio - Metro Penha');
insert into bus_line (id, code, name) values (nextval('sq_bus_line'), '3725-10', 'Metro Vila Matilde - Vila Dalila');
insert into bus_line (id, code, name) values (nextval('sq_bus_line'), '3725-41', 'Metro Vila Matilde - Vila Aricanduva');
insert into bus_line (id, code, name) values (nextval('sq_bus_line'), '3728-10', 'Metro Artur Alvim - Pq. Savoy City');
insert into bus_line (id, code, name) values (nextval('sq_bus_line'), '3728-41', 'Metro Artur Alvim - Pq. Nova Savoy');
insert into bus_line (id, code, name) values (nextval('sq_bus_line'), '3729-10', 'Shop. Aricanduva - Metro Carrao');
insert into bus_line (id, code, name) values (nextval('sq_bus_line'), '372F-10', 'Univ. São Judas Tadeu - Metrô Bresser');
insert into bus_line (id, code, name) values (nextval('sq_bus_line'), '372R-10', 'Pq. São Rafael - Metrô Belém');
insert into bus_line (id, code, name) values (nextval('sq_bus_line'), '372U-10', 'Vila Santa Isabel - Metro Tatuape');
insert into bus_line (id, code, name) values (nextval('sq_bus_line'), '3731-10', 'Shop. Aricanduva - Metro Vila Matilde');
insert into bus_line (id, code, name) values (nextval('sq_bus_line'), '3732-10', 'Estação José Bonifácio - Metro Itaquera');
insert into bus_line (id, code, name) values (nextval('sq_bus_line'), '3734-10', 'Cidade Lider - Metro Artur Alvim');
insert into bus_line (id, code, name) values (nextval('sq_bus_line'), '3735-10', 'Metro Artur Alvim - Jd. Sao Joao ');
insert into bus_line (id, code, name) values (nextval('sq_bus_line'), '3735-21', 'Metro Artur Alvim - Jd. Sao Joao');
insert into bus_line (id, code, name) values (nextval('sq_bus_line'), '3735-41', 'Jd. São José - Metrô Artur Alvim');
insert into bus_line (id, code, name) values (nextval('sq_bus_line'), '3736-10', 'Jd. Nsa. Sra. Do Carmo - Metrô Artur Alvim');
insert into bus_line (id, code, name) values (nextval('sq_bus_line'), '3737-10', 'Shop. Aricanduva - Metro Guilher/esper.');
insert into bus_line (id, code, name) values (nextval('sq_bus_line'), '3737-21', 'Jd. Santa Maria - Metro Guilher/esper.');
insert into bus_line (id, code, name) values (nextval('sq_bus_line'), '3737-31', 'Metrô Guilhermina  - Circular');
insert into bus_line (id, code, name) values (nextval('sq_bus_line'), '3737-41', 'Metro Guilher/esper. - Jd. Fernandes');
insert into bus_line (id, code, name) values (nextval('sq_bus_line'), '3738-10', 'Cohab Juscelino - Metro Itaquera');
insert into bus_line (id, code, name) values (nextval('sq_bus_line'), '3738-21', 'Cohab Juscelino - Metro Itaquera');
insert into bus_line (id, code, name) values (nextval('sq_bus_line'), '3739-10', 'Recanto Verde Sol - Metro Itaquera');
insert into bus_line (id, code, name) values (nextval('sq_bus_line'), '3739-31', 'São Teodoro - Centro De Itaquera');
insert into bus_line (id, code, name) values (nextval('sq_bus_line'), '373L-10', 'Jd. Limoeiro - Metro Itaquera');
insert into bus_line (id, code, name) values (nextval('sq_bus_line'), '373M-10', 'Jd. Guairaca - Shop. Metro Tatuape');
insert into bus_line (id, code, name) values (nextval('sq_bus_line'), '373T-10', 'Jd. Itapolis - Metro Bresser');
insert into bus_line (id, code, name) values (nextval('sq_bus_line'), '3741-10', 'Estação Dom Bosco - Metro Itaquera');
insert into bus_line (id, code, name) values (nextval('sq_bus_line'), '3742-10', 'Jardim  Laranjeira - Metro Itaquera');
insert into bus_line (id, code, name) values (nextval('sq_bus_line'), '3743-10', 'Sao Mateus - Metro Itaquera');
insert into bus_line (id, code, name) values (nextval('sq_bus_line'), '3745-10', 'Jd. Imperador - Tatuapé');
insert into bus_line (id, code, name) values (nextval('sq_bus_line'), '3746-10', 'Jd. Imperador - Metro Belem');
insert into bus_line (id, code, name) values (nextval('sq_bus_line'), '3746-31', 'Jd. Imperador - Metro Belem');
insert into bus_line (id, code, name) values (nextval('sq_bus_line'), '3749-10', 'Guaianazes - Term. Vila Carrao');
insert into bus_line (id, code, name) values (nextval('sq_bus_line'), '374M-10', 'Cptm Ermelino Matarazzo - Metrô Itaquera');
insert into bus_line (id, code, name) values (nextval('sq_bus_line'), '374T-10', 'Cidade Tiradentes - Metrô Vergueiro');
insert into bus_line (id, code, name) values (nextval('sq_bus_line'), '374V-10', 'Vila Verde - Metro Itaquera');
insert into bus_line (id, code, name) values (nextval('sq_bus_line'), '3750-10', 'Conj. Jose Bonifacio - Metro Belem');
insert into bus_line (id, code, name) values (nextval('sq_bus_line'), '3751-10', 'Cohab Prestes Maia - Metro Itaquera');
insert into bus_line (id, code, name) values (nextval('sq_bus_line'), '3751-21', 'Cohab Prestes Maia - Metro Itaquera');
insert into bus_line (id, code, name) values (nextval('sq_bus_line'), '3754-10', 'Inacio Monteiro - Metro Itaquera');
insert into bus_line (id, code, name) values (nextval('sq_bus_line'), '3754-31', 'Jardim Redil - Metro Itaquera');
insert into bus_line (id, code, name) values (nextval('sq_bus_line'), '3756-10', 'Barro Branco - Metro Itaquera');
insert into bus_line (id, code, name) values (nextval('sq_bus_line'), '3756-21', 'V. Cosmopolita - Metro Itaquera');
insert into bus_line (id, code, name) values (nextval('sq_bus_line'), '375N-10', 'Metro Bresser - Metro Ana Rosa');
insert into bus_line (id, code, name) values (nextval('sq_bus_line'), '375V-10', 'Metro Tamanduatei - Metro Santa Cruz');
insert into bus_line (id, code, name) values (nextval('sq_bus_line'), '3760-10', 'Jardim Cibele - Metrô Tatuapé');
insert into bus_line (id, code, name) values (nextval('sq_bus_line'), '3760-42', 'Jd. N. Sra. Do Carmo - Metrô Tatuapé');
insert into bus_line (id, code, name) values (nextval('sq_bus_line'), '3761-10', '3a. Divisao - Metro Carrao');
insert into bus_line (id, code, name) values (nextval('sq_bus_line'), '3762-10', 'Jardim Iva - Metro Tatuape');
insert into bus_line (id, code, name) values (nextval('sq_bus_line'), '3763-10', 'Term. Vila Carrao - Metro Tatuape');
insert into bus_line (id, code, name) values (nextval('sq_bus_line'), '3764-10', 'Jd. Vila Carrão - Metrô Tatuapé');
insert into bus_line (id, code, name) values (nextval('sq_bus_line'), '3764-21', 'Santa Barbara - Metrô Tatuapé');
insert into bus_line (id, code, name) values (nextval('sq_bus_line'), '3765-10', 'Jd. Santo Andre - Metro Carrao');
insert into bus_line (id, code, name) values (nextval('sq_bus_line'), '3766-10', 'Cohab Ii - Metro Itaquera');
insert into bus_line (id, code, name) values (nextval('sq_bus_line'), '3768-10', 'Vila Yolanda - Metro Itaquera');
insert into bus_line (id, code, name) values (nextval('sq_bus_line'), '3773-10', 'Res. Santa Barbara - Metro Carrao');
insert into bus_line (id, code, name) values (nextval('sq_bus_line'), '3774-10', 'Jd. Soares - Metro Tatuape');
insert into bus_line (id, code, name) values (nextval('sq_bus_line'), '3775-10', 'Jd. Rodolfo Pirani - Metrô Carrão');
insert into bus_line (id, code, name) values (nextval('sq_bus_line'), '3775-51', 'Jd. Rodolfo Pirani - Metrô Carrão');
insert into bus_line (id, code, name) values (nextval('sq_bus_line'), '3778-10', 'Jd. Santa Terezinha - Metro Carrao');
insert into bus_line (id, code, name) values (nextval('sq_bus_line'), '3781-10', 'Cidade Tiradentes - Metrô Penha');
insert into bus_line (id, code, name) values (nextval('sq_bus_line'), '3785-10', 'Cohab Barro Branco - Metro Itaquera');
insert into bus_line (id, code, name) values (nextval('sq_bus_line'), '3786-10', 'Cidade Tiradentes - Metro Itaquera');
insert into bus_line (id, code, name) values (nextval('sq_bus_line'), '3787-10', 'Cid. Tiradentes - Metro Itaquera');
insert into bus_line (id, code, name) values (nextval('sq_bus_line'), '3789-10', 'Cid. Tiradentes - Metro Itaquera');
insert into bus_line (id, code, name) values (nextval('sq_bus_line'), '3790-10', 'Barro Branco - Metro Guilherm/esper');
insert into bus_line (id, code, name) values (nextval('sq_bus_line'), '3791-10', 'Shopping Aricanduva - Metro Artur Alvim');
insert into bus_line (id, code, name) values (nextval('sq_bus_line'), '3793-10', 'Cid. Tiradentes - Metro Penha');
insert into bus_line (id, code, name) values (nextval('sq_bus_line'), '3795-10', 'Jd. Sao Carlos - Metro Itaquera');
insert into bus_line (id, code, name) values (nextval('sq_bus_line'), '3796-10', 'Gleba Do Pessego - Metro Itaquera');
insert into bus_line (id, code, name) values (nextval('sq_bus_line'), '3901-10', 'Jd. Danfer - Metro Penha');
insert into bus_line (id, code, name) values (nextval('sq_bus_line'), '3902-10', 'Estação Cptm Jd. Romano - Guaianazes');
insert into bus_line (id, code, name) values (nextval('sq_bus_line'), '3903-10', 'Jd. Vila Nova - Penha');
insert into bus_line (id, code, name) values (nextval('sq_bus_line'), '0.00000', '039,Term. Penha - Term. Pq. D. Pedro Ii');
insert into bus_line (id, code, name) values (nextval('sq_bus_line'), '393C-10', 'Term. Amaral Gurgel - Cohab Ii (circular)');
insert into bus_line (id, code, name) values (nextval('sq_bus_line'), '393H-10', 'Terminal Amaral Gurgel - Jd. Sto André');
insert into bus_line (id, code, name) values (nextval('sq_bus_line'), '4025-10', 'Vila Califórnia - Metrô Tatuapé');
insert into bus_line (id, code, name) values (nextval('sq_bus_line'), '4027-10', 'Hosp. Sao Mateus - Jd. Santo Andre');
insert into bus_line (id, code, name) values (nextval('sq_bus_line'), '4028-10', 'Hosp. Sao Mateus - Divisa De Maua');
insert into bus_line (id, code, name) values (nextval('sq_bus_line'), '4029-10', 'Sao Mateus - Vila Prudente');
insert into bus_line (id, code, name) values (nextval('sq_bus_line'), '4030-10', 'Fazenda Da Juta - Shop. Aricanduva');
insert into bus_line (id, code, name) values (nextval('sq_bus_line'), '4031-10', 'Pq. Santa Madalena - Metro Tamanduatei');
insert into bus_line (id, code, name) values (nextval('sq_bus_line'), '4032-10', 'Vila Das Merces - Objetivo Unip');
insert into bus_line (id, code, name) values (nextval('sq_bus_line'), '4033-10', 'Jd. Guairacá - Nova Conquista');
insert into bus_line (id, code, name) values (nextval('sq_bus_line'), '4034-10', 'Est. José Bonifácio - Metrô Carrão');
insert into bus_line (id, code, name) values (nextval('sq_bus_line'), '4051-10', 'Jd. São Paulo - Cptm Guaianazes');
insert into bus_line (id, code, name) values (nextval('sq_bus_line'), '4052-10', 'Cptm Guaianazes - Metrô Itaquera');
insert into bus_line (id, code, name) values (nextval('sq_bus_line'), '4053-10', 'Guaianazes - Cptm José Bonifácio');
insert into bus_line (id, code, name) values (nextval('sq_bus_line'), '4054-10', 'Jd. Nsa. Do Carmo - Metrô Itaquera');
insert into bus_line (id, code, name) values (nextval('sq_bus_line'), '407M-10', 'Vila Monumento - Vila Madalena');
insert into bus_line (id, code, name) values (nextval('sq_bus_line'), '4085-10', 'Cohab Fazenda Do Carmo - Metrô Itaquera');
insert into bus_line (id, code, name) values (nextval('sq_bus_line'), '408A-10', 'Machado De Assis - Cardoso De Almeida');
insert into bus_line (id, code, name) values (nextval('sq_bus_line'), '4092-10', 'Term. Cid. Tiradentes - Setor Iib');
insert into bus_line (id, code, name) values (nextval('sq_bus_line'), '4111-10', 'Vila Monumento - Pca. Da Republica');
insert into bus_line (id, code, name) values (nextval('sq_bus_line'), '4112-10', 'Sta. Margarida Maria - Pca. Da República');
insert into bus_line (id, code, name) values (nextval('sq_bus_line'), '4113-10', 'Gentil De Moura - Pca. Da República');
insert into bus_line (id, code, name) values (nextval('sq_bus_line'), '4114-10', 'Vila Gumercindo - Term. Pq. D.pedro Ii');
insert into bus_line (id, code, name) values (nextval('sq_bus_line'), '4114-31', 'Vila Gumercindo - Term. Pq. D.pedro Ii');
insert into bus_line (id, code, name) values (nextval('sq_bus_line'), '4115-10', 'Shop. Plaza Sul - Pca. Da Republica');
insert into bus_line (id, code, name) values (nextval('sq_bus_line'), '4120-10', 'Barro Branco Ii - Term. Pq. D.pedro Ii');
insert into bus_line (id, code, name) values (nextval('sq_bus_line'), '414P-10', 'Vila Industrial - Penha');
insert into bus_line (id, code, name) values (nextval('sq_bus_line'), '4208-10', 'Pq. Savoy City - Metrô V. Prudente');
insert into bus_line (id, code, name) values (nextval('sq_bus_line'), '4221-10', 'Jd. Planalto - Term. Pq. D.pedro Ii');
insert into bus_line (id, code, name) values (nextval('sq_bus_line'), '4222-10', 'Pq. Santa Madalena - Pca Joao Mendes');
insert into bus_line (id, code, name) values (nextval('sq_bus_line'), '4.25E-0', '8,Jd. Ester - Term. Sapopemba/teotonio Vilela');
insert into bus_line (id, code, name) values (nextval('sq_bus_line'), '4284-10', 'Vila California - Term. Pq. D.pedro Ii');
insert into bus_line (id, code, name) values (nextval('sq_bus_line'), '4286-10', 'Vila Industrial - Vila Prudente');
insert into bus_line (id, code, name) values (nextval('sq_bus_line'), '4288-10', 'Pq. Santa Madalena - Term. Pq. D.pedro Ii');
insert into bus_line (id, code, name) values (nextval('sq_bus_line'), '4301-10', 'Cohab Ii - Pça. Da Sé');
insert into bus_line (id, code, name) values (nextval('sq_bus_line'), '4339-10', 'Cidade Tiradentes - Term. Pq.d.pedro Ii');
insert into bus_line (id, code, name) values (nextval('sq_bus_line'), '4339-51', 'Cidade Tiradentes - Term. Cidade Tiradentes');
insert into bus_line (id, code, name) values (nextval('sq_bus_line'), '4401-10', ' - Jd. Nova Vitória-circular');
insert into bus_line (id, code, name) values (nextval('sq_bus_line'), '4491-10', 'Zoologico - Term. Pq. D.pedro Ii');
insert into bus_line (id, code, name) values (nextval('sq_bus_line'), '4706-10', 'Jd. Maria Estela Ii - Metro Vila Mariana');
insert into bus_line (id, code, name) values (nextval('sq_bus_line'), '4708-10', 'Jd. Climax - Metro Vila Mariana');
insert into bus_line (id, code, name) values (nextval('sq_bus_line'), '4709-10', 'Pq. Bristol - Metro Vila Mariana');
insert into bus_line (id, code, name) values (nextval('sq_bus_line'), '4714-10', 'Jd. Sao Saverio - Metro Santa Cruz');
insert into bus_line (id, code, name) values (nextval('sq_bus_line'), '4716-10', 'Sacoma - Metro Santa Cruz');
insert into bus_line (id, code, name) values (nextval('sq_bus_line'), '4717-10', 'Jd. Maria Estela - Metro Santa Cruz');
insert into bus_line (id, code, name) values (nextval('sq_bus_line'), '4718-10', 'Jd. Celeste - Metro Santa Cruz');
insert into bus_line (id, code, name) values (nextval('sq_bus_line'), '4721-10', 'Shop. Plaza Sul - Term. Jabaquara');
insert into bus_line (id, code, name) values (nextval('sq_bus_line'), '4723-10', 'Metrô Patriarca - Jd. Hercília');
insert into bus_line (id, code, name) values (nextval('sq_bus_line'), '4724-10', 'Metro Patriarca - V. Nhocune');
insert into bus_line (id, code, name) values (nextval('sq_bus_line'), '4725-10', 'Vila Brasilina - Shop. C.ibirapuera');
insert into bus_line (id, code, name) values (nextval('sq_bus_line'), '4726-10', 'Mooca - Metro Tatuape');
insert into bus_line (id, code, name) values (nextval('sq_bus_line'), '4726-31', 'Mooca - Metro Tatuape');
insert into bus_line (id, code, name) values (nextval('sq_bus_line'), '4727-10', 'Jd. Climax - Metro Pca. Da Arvore');
insert into bus_line (id, code, name) values (nextval('sq_bus_line'), '4729-10', 'Parque Bancario - Metro Belem');
insert into bus_line (id, code, name) values (nextval('sq_bus_line'), '4732-10', 'Vila Liviero - Metro Saude');
insert into bus_line (id, code, name) values (nextval('sq_bus_line'), '4732-31', 'Vila Liviero - Metro Saude');
insert into bus_line (id, code, name) values (nextval('sq_bus_line'), '4734-10', 'Vila Moraes - Metro Saude');
insert into bus_line (id, code, name) values (nextval('sq_bus_line'), '4734-21', 'Vila Moraes - Metro Saude');
insert into bus_line (id, code, name) values (nextval('sq_bus_line'), '4735-10', 'Jd. Vera Cruz  - Metro Carrao');
insert into bus_line (id, code, name) values (nextval('sq_bus_line'), '473T-10', 'Metro Vila Mariana - Pq. Sao Jorge');
insert into bus_line (id, code, name) values (nextval('sq_bus_line'), '4742-10', 'Jd. Climax - Metro Sao Judas');
insert into bus_line (id, code, name) values (nextval('sq_bus_line'), '4742-21', 'Jd. Sao Saverio - Metro Sao Judas');
insert into bus_line (id, code, name) values (nextval('sq_bus_line'), '4742-31', 'Jd. Celeste - Metro São Judas');
insert into bus_line (id, code, name) values (nextval('sq_bus_line'), '475M-10', 'Jd. Da Saude - Term. Amaral Gurgel');
insert into bus_line (id, code, name) values (nextval('sq_bus_line'), '475R-10', 'Jd. Sao Saverio - Term. Pq. D.pedro Ii');
insert into bus_line (id, code, name) values (nextval('sq_bus_line'), '475R-41', 'Simba Safari - Metro Saude');
insert into bus_line (id, code, name) values (nextval('sq_bus_line'), '476A-10', 'Ipiranga - Terminal Santo Amaro');
insert into bus_line (id, code, name) values (nextval('sq_bus_line'), '476G-10', 'Jardim Elba - Ibirapuera');
insert into bus_line (id, code, name) values (nextval('sq_bus_line'), '476G-41', 'Vila Industrial - Metro Ana Rosa');
insert into bus_line (id, code, name) values (nextval('sq_bus_line'), '476L-10', 'Lar Escola Sao Fco. - Circular');
insert into bus_line (id, code, name) values (nextval('sq_bus_line'), '477A-10', 'Sacoma - Ceasa');
insert into bus_line (id, code, name) values (nextval('sq_bus_line'), '477P-10', 'Ipiranga - Rio Pequeno');
insert into bus_line (id, code, name) values (nextval('sq_bus_line'), '477U-10', 'Heliópolis - Shop. Iguatemi (circular)');
insert into bus_line (id, code, name) values (nextval('sq_bus_line'), '478P-10', 'Sacoma - Pompeia');
insert into bus_line (id, code, name) values (nextval('sq_bus_line'), '478P-31', 'Sacoma - Pompeia');
insert into bus_line (id, code, name) values (nextval('sq_bus_line'), '5010-10', 'Jabaquara - Santo Amaro');
insert into bus_line (id, code, name) values (nextval('sq_bus_line'), '5011-10', 'Eldorado - Santo Amaro');
insert into bus_line (id, code, name) values (nextval('sq_bus_line'), '5012-10', 'Vila Guacuri - Jabaquara');
insert into bus_line (id, code, name) values (nextval('sq_bus_line'), '5012-21', 'Jd. Monte Líbano - Jabaquara');
insert into bus_line (id, code, name) values (nextval('sq_bus_line'), '5013-10', 'Jd. Luso - Santo Amaro');
insert into bus_line (id, code, name) values (nextval('sq_bus_line'), '5014-10', 'Vila Guacuri - Santo Amaro');
insert into bus_line (id, code, name) values (nextval('sq_bus_line'), '5015-10', 'Jd. Sao Jorge - Metrô  Jabaquara');
insert into bus_line (id, code, name) values (nextval('sq_bus_line'), '5018-10', 'Shopping Interlagos - Jabaquara');
insert into bus_line (id, code, name) values (nextval('sq_bus_line'), '5018-31', 'Shopping Interlagos - Jabaquara');
insert into bus_line (id, code, name) values (nextval('sq_bus_line'), '5020-10', 'Hospital Heliopolis - Term. Sacoma');
insert into bus_line (id, code, name) values (nextval('sq_bus_line'), '5021-10', 'Agua Funda - Term. Sacoma');
insert into bus_line (id, code, name) values (nextval('sq_bus_line'), '5022-10', 'Vila Sta. Margarida - Jabaquara');
insert into bus_line (id, code, name) values (nextval('sq_bus_line'), '5024-10', ' missionaria - Santo Amaro');
insert into bus_line (id, code, name) values (nextval('sq_bus_line'), '5024-31', ' missionaria - Santo Amaro');
insert into bus_line (id, code, name) values (nextval('sq_bus_line'), '5026-10', 'Conj. Teotonio Vilela - Jd. Sao Roberto ');
insert into bus_line (id, code, name) values (nextval('sq_bus_line'), '5028-10', 'Conj. Hab. Heliopolis - Museu Do Ipiranga ');
insert into bus_line (id, code, name) values (nextval('sq_bus_line'), '5029-10', 'Jd. Patente - Term. Sacoma ');
insert into bus_line (id, code, name) values (nextval('sq_bus_line'), '502J-10', 'Estação Autódromo - Metrô Santa Cruz (circular)');
insert into bus_line (id, code, name) values (nextval('sq_bus_line'), '502J-21', 'Estação Autódromo - Vila Joaniza');
insert into bus_line (id, code, name) values (nextval('sq_bus_line'), '502J-22', 'Estação Autódromo - Vila Joaniza (circular)');
insert into bus_line (id, code, name) values (nextval('sq_bus_line'), '5030-10', 'Jd. Maria Estela - Term. Sacoma');
insert into bus_line (id, code, name) values (nextval('sq_bus_line'), '5031-10', 'Vila Arapua - Term. Sacoma');
insert into bus_line (id, code, name) values (nextval('sq_bus_line'), '5031-21', 'Vila Cde. Do Pinhal - Term. Sacoma');
insert into bus_line (id, code, name) values (nextval('sq_bus_line'), '5032-10', 'Vila Arapua - Term. Sacoma');
insert into bus_line (id, code, name) values (nextval('sq_bus_line'), '5033-10', 'Vila Brasilina - Term. Sacoma');
insert into bus_line (id, code, name) values (nextval('sq_bus_line'), '5034-10', 'Vila Liviero - Term. Sacoma');
insert into bus_line (id, code, name) values (nextval('sq_bus_line'), '5034-31', 'Term. Sacoma - Vila Liviero');
insert into bus_line (id, code, name) values (nextval('sq_bus_line'), '5035-10', 'Vila Arapua - Term. Sacoma');
insert into bus_line (id, code, name) values (nextval('sq_bus_line'), '5036-10', 'Jd. Celeste - Term. Sacoma');
insert into bus_line (id, code, name) values (nextval('sq_bus_line'), '5038-10', 'Pq. Bristol - Term. Sacoma');
insert into bus_line (id, code, name) values (nextval('sq_bus_line'), '508L-10', 'Term.princesa Isabel - Aclimacao (circ.)');
insert into bus_line (id, code, name) values (nextval('sq_bus_line'), '5091-10', 'Jd. Ubirajara - Metrô São Judas (circular)');
insert into bus_line (id, code, name) values (nextval('sq_bus_line'), '509J-10', 'Jd. Selma - Pq. Ibirapuera');
insert into bus_line (id, code, name) values (nextval('sq_bus_line'), '509J-21', 'Vila Missionária - Moema (circular)');
insert into bus_line (id, code, name) values (nextval('sq_bus_line'), '509M-10', 'Jd. Miriam - Term. Princ. Isabel');
insert into bus_line (id, code, name) values (nextval('sq_bus_line'), '509M-21', 'Jd. Miriam - Moema');
insert into bus_line (id, code, name) values (nextval('sq_bus_line'), '5100-10', 'Terminal Pinheiros - Term. Pq. D. Pedro Ii');
insert into bus_line (id, code, name) values (nextval('sq_bus_line'), '5101-10', 'Term. Sacomã - Term. Pq. D.pedro Ii');
insert into bus_line (id, code, name) values (nextval('sq_bus_line'), '5102-10', 'Term. Sacomã - Term. Amaral Gurgel');
insert into bus_line (id, code, name) values (nextval('sq_bus_line'), '5103-10', 'Term. Sacoma - Moema');
insert into bus_line (id, code, name) values (nextval('sq_bus_line'), '5103-21', 'Term. Sacoma - Metro Sta. Cruz');
insert into bus_line (id, code, name) values (nextval('sq_bus_line'), '5104-10', 'Term. Sacoma - Pca Da Republica');
insert into bus_line (id, code, name) values (nextval('sq_bus_line'), '5105-10', 'Term. Sacoma - Term. Mercado ');
insert into bus_line (id, code, name) values (nextval('sq_bus_line'), '5106-10', 'Jardim Selma - Lgo. São Francisco (circular)');
insert into bus_line (id, code, name) values (nextval('sq_bus_line'), '5106-21', 'Jardim Selma - Shopping Ibirapuera (circular)');
insert into bus_line (id, code, name) values (nextval('sq_bus_line'), '5106-31', 'Jardim Selma - Metrô Ana Rosa');
insert into bus_line (id, code, name) values (nextval('sq_bus_line'), '5107-10', 'Term. Sacoma - Term. Correio');
insert into bus_line (id, code, name) values (nextval('sq_bus_line'), '5108-10', 'Jd. Celeste - Term. Pq. D. Pedro Ii');
insert into bus_line (id, code, name) values (nextval('sq_bus_line'), '5109-10', 'Term. Vila Prudente  - Term. Mercado');
insert into bus_line (id, code, name) values (nextval('sq_bus_line'), '5109-41', 'Sao Mateus - Metro Tamanduatei');
insert into bus_line (id, code, name) values (nextval('sq_bus_line'), '5109-51', 'Sao Mateus - Term. Mercado');
insert into bus_line (id, code, name) values (nextval('sq_bus_line'), '5111-10', 'Term. Sto. Amaro - Term. Pq.d. Pedro Ii');
insert into bus_line (id, code, name) values (nextval('sq_bus_line'), '5119-10', 'Term. Capebus_line  - Lgo. Sao Francisco');
insert into bus_line (id, code, name) values (nextval('sq_bus_line'), '5119-22', 'Term. Joao Dias - Lgo. Sao Francisco');
insert into bus_line (id, code, name) values (nextval('sq_bus_line'), '5119-23', 'Term. João Dias - Instituto Lucy Montoro');
insert into bus_line (id, code, name) values (nextval('sq_bus_line'), '5123-10', 'Jd. Miriam - Hospital Sao Paulo');
insert into bus_line (id, code, name) values (nextval('sq_bus_line'), '5127-10', 'Vila Guacuri - Jd. Prudência (circular)');
insert into bus_line (id, code, name) values (nextval('sq_bus_line'), '5128-10', 'Jd. Apurá - Aeroporto ');
insert into bus_line (id, code, name) values (nextval('sq_bus_line'), '5129-10', 'Jd. Miriam - Term. Guarapiranga');
insert into bus_line (id, code, name) values (nextval('sq_bus_line'), '5129-41', 'Jd. Miriam - Santo Amaro');
insert into bus_line (id, code, name) values (nextval('sq_bus_line'), '5131-10', 'Cidade Ademar - Metrô Brás');
insert into bus_line (id, code, name) values (nextval('sq_bus_line'), '513L-10', 'Term. Sacoma - Penha');
insert into bus_line (id, code, name) values (nextval('sq_bus_line'), '5140-10', 'Jd. Grimaldi - Pca Joao Mendes');
insert into bus_line (id, code, name) values (nextval('sq_bus_line'), '5141-10', 'Term. Sapopemba/teotônio Vilela - Term. Correio');
insert into bus_line (id, code, name) values (nextval('sq_bus_line'), '5142-10', 'Term. Sapopemba/teotônio Vilela - Term. Pq. D.pedro Ii');
insert into bus_line (id, code, name) values (nextval('sq_bus_line'), '5143-10', 'Term. Sapopemba/teotônio Vilela - Term. Pq. D.pedro Ii');
insert into bus_line (id, code, name) values (nextval('sq_bus_line'), '5143-31', 'Term. Sapopemba/teotônio Vilela - Term. Pq. D. Pedro Ii');
insert into bus_line (id, code, name) values (nextval('sq_bus_line'), '5144-10', 'Term. Sapopemba/teotônio Vilela - Terminal Princ. Isabel');
insert into bus_line (id, code, name) values (nextval('sq_bus_line'), '5145-10', 'Term. Sapopemba/teotonio Vilela - Pca. Almeida Jr.');
insert into bus_line (id, code, name) values (nextval('sq_bus_line'), '5145-41', 'Conj. Teotonio Vilela - Pca. Almeida Jr.');
insert into bus_line (id, code, name) values (nextval('sq_bus_line'), '514T-10', 'Term. Sacoma - Jd. Itapolis');
insert into bus_line (id, code, name) values (nextval('sq_bus_line'), '514T-21', 'Jd. Colorado - Metro Vila Prudente');
insert into bus_line (id, code, name) values (nextval('sq_bus_line'), '5154-10', 'Term. Sto. Amaro - Est. Da Luz');
insert into bus_line (id, code, name) values (nextval('sq_bus_line'), '5164-10', 'V. Sta. Catarina - Lgo. Sao Francisco (circular)');
insert into bus_line (id, code, name) values (nextval('sq_bus_line'), '5164-21', 'Cidade Leonor - Pq. Do Ibirapuera');
insert into bus_line (id, code, name) values (nextval('sq_bus_line'), '5164-41', 'Vila Guarani - Circular');
insert into bus_line (id, code, name) values (nextval('sq_bus_line'), '516N-10', 'Jd. Miriam - Praça Dom Gastão');
insert into bus_line (id, code, name) values (nextval('sq_bus_line'), '5175-10', 'Balneario Sao Fco. - Pça. Da Sé');
insert into bus_line (id, code, name) values (nextval('sq_bus_line'), '5178-10', 'Jd. Miriam - Lgo. Sao Francisco');
insert into bus_line (id, code, name) values (nextval('sq_bus_line'), '5178-21', 'Jd. Miriam - Parque Ibirapuera');
insert into bus_line (id, code, name) values (nextval('sq_bus_line'), '517J-10', 'Jd. Selma - Berrini');
insert into bus_line (id, code, name) values (nextval('sq_bus_line'), '5185-10', 'Term. Guarapiranga - Pque. D. Pedro Ii');
insert into bus_line (id, code, name) values (nextval('sq_bus_line'), '5194-10', 'Jd. São Jorge Até Apurá - Pq. Ibirapuera');
insert into bus_line (id, code, name) values (nextval('sq_bus_line'), '5194-21', 'Jd. São Jorge Até Apurá - Aeroporto');
insert into bus_line (id, code, name) values (nextval('sq_bus_line'), '524L-10', 'Pq. Sao Lucas  - Tatuape');
insert into bus_line (id, code, name) values (nextval('sq_bus_line'), '524M-10', 'Mascarenhas De Morais - Shop. Aricanduva');
insert into bus_line (id, code, name) values (nextval('sq_bus_line'), '527R-10', 'Vila Imperio - Terminal Santo Amaro ');
insert into bus_line (id, code, name) values (nextval('sq_bus_line'), '5290-10', 'Div. Diadema - Pca. Joao Mendes');
insert into bus_line (id, code, name) values (nextval('sq_bus_line'), '5290-51', 'Div. Diadema - Term. Amaral Gurgel');
insert into bus_line (id, code, name) values (nextval('sq_bus_line'), '5300-10', 'Term. Santo Amaro - Term. Pq. D. Pedro Ii');
insert into bus_line (id, code, name) values (nextval('sq_bus_line'), '5317-10', 'Sesc/orion - Praca Do Correio');
insert into bus_line (id, code, name) values (nextval('sq_bus_line'), '5318-10', 'Chacara Santana - Praca Da Se');
insert into bus_line (id, code, name) values (nextval('sq_bus_line'), '5318-21', 'Piraporinha - Praca Da Se');
insert into bus_line (id, code, name) values (nextval('sq_bus_line'), '5318-22', 'Praça Da Sé - Chácara Santo Antônio');
insert into bus_line (id, code, name) values (nextval('sq_bus_line'), '5362-10', 'Pq. Res. Cocaia - Pça. Da Sé');
insert into bus_line (id, code, name) values (nextval('sq_bus_line'), '5362-21', 'Grajau - Pça. Da Sé');
insert into bus_line (id, code, name) values (nextval('sq_bus_line'), '5362-22', 'Jd. Eliana - Pça. Da Sé');
insert into bus_line (id, code, name) values (nextval('sq_bus_line'), '5362-23', 'Pq. Res. Cocaia - Borba Gato');
insert into bus_line (id, code, name) values (nextval('sq_bus_line'), '5362-41', 'Pq. Res. Cocaia - Pq. Do Ibirapuera');
insert into bus_line (id, code, name) values (nextval('sq_bus_line'), '5370-10', 'Terminal Varginha - Lgo. Sao Francisco');
insert into bus_line (id, code, name) values (nextval('sq_bus_line'), '5370-21', 'Terminal Varginha - Pq. Do Ibirapuera');
insert into bus_line (id, code, name) values (nextval('sq_bus_line'), '5370-22', 'Terminal Varginha - Borba Gato');
insert into bus_line (id, code, name) values (nextval('sq_bus_line'), '5391-10', 'Term. Jd. Angela - Lgo São Francisco');
insert into bus_line (id, code, name) values (nextval('sq_bus_line'), '5391-21', 'Term Guarapiranga - Largo São Francisco');
insert into bus_line (id, code, name) values (nextval('sq_bus_line'), '5391-22', 'Moema - Term. Jd. Angela');
insert into bus_line (id, code, name) values (nextval('sq_bus_line'), '546A-10', 'Jd. Apura - Santo Amaro');
insert into bus_line (id, code, name) values (nextval('sq_bus_line'), '546A-31', 'Jd. Apura - Santo Amaro');
insert into bus_line (id, code, name) values (nextval('sq_bus_line'), '546J-10', 'Jd. Selma - Sto. Amaro');
insert into bus_line (id, code, name) values (nextval('sq_bus_line'), '546J-31', 'Jd. Selma - Sto. Amaro');
insert into bus_line (id, code, name) values (nextval('sq_bus_line'), '546J-41', 'Jd. Selma - Colegio Sta. Maria');
insert into bus_line (id, code, name) values (nextval('sq_bus_line'), '546L-10', 'Jd. Luso - Terminal Santo Amaro');
insert into bus_line (id, code, name) values (nextval('sq_bus_line'), '546L-41', 'Jd. Luso - Colegio Sta. Maria');
insert into bus_line (id, code, name) values (nextval('sq_bus_line'), '546T-10', 'Vila Guacuri - Term. Santo Amaro');
insert into bus_line (id, code, name) values (nextval('sq_bus_line'), '5611-10', 'Eldorado - Pça. João Mendes');
insert into bus_line (id, code, name) values (nextval('sq_bus_line'), '5612-10', 'Jd. Apura - Parque Ibirapuera - Circular');
insert into bus_line (id, code, name) values (nextval('sq_bus_line'), '5614-10', 'Eldorado - Pça. João Mendes');
insert into bus_line (id, code, name) values (nextval('sq_bus_line'), '5630-10', 'Terminal Grajaú - Metro Bras');
insert into bus_line (id, code, name) values (nextval('sq_bus_line'), '5630-21', 'Cidade Dutra - Lgo. Sao Francisco');
insert into bus_line (id, code, name) values (nextval('sq_bus_line'), '5632-10', 'V. Sao Jose - Lgo. Sao Francisco');
insert into bus_line (id, code, name) values (nextval('sq_bus_line'), '5632-21', 'Jd. Iporanga - Lgo. Sao Francisco');
insert into bus_line (id, code, name) values (nextval('sq_bus_line'), '5632-51', 'Jd. Alpino - Lgo. Sao Francisco');
insert into bus_line (id, code, name) values (nextval('sq_bus_line'), '5652-10', 'Jd. Iv Centenario - Pça Da Sé');
insert into bus_line (id, code, name) values (nextval('sq_bus_line'), '5652-21', 'Jd. Iv Centenario - Pça Da Sé');
insert into bus_line (id, code, name) values (nextval('sq_bus_line'), '5701-10', 'Metro Conceicao - Estacao Berrini');
insert into bus_line (id, code, name) values (nextval('sq_bus_line'), '5701-21', 'Vila Santa Catarina - Estacao Berrini');
insert into bus_line (id, code, name) values (nextval('sq_bus_line'), '5702-10', 'Refúgio Santa Terezinha - Metro Jabaquara');
insert into bus_line (id, code, name) values (nextval('sq_bus_line'), '5705-10', 'Term. Sacoma - Metro Vergueiro');
insert into bus_line (id, code, name) values (nextval('sq_bus_line'), '571T-10', 'Term. Sacoma - Shop. Center Norte');
insert into bus_line (id, code, name) values (nextval('sq_bus_line'), '573A-10', 'Metro Bresser - Vila Alpina');
insert into bus_line (id, code, name) values (nextval('sq_bus_line'), '573H-10', 'Hosp. Sapopemba - Metro Bresser');
insert into bus_line (id, code, name) values (nextval('sq_bus_line'), '573T-10', 'Term. Sapopemba/teotonio Vilela - Metro Carrao');
insert into bus_line (id, code, name) values (nextval('sq_bus_line'), '573T-21', 'Jd. Tiete - Term. Sapopemba Teot. Vilela');
insert into bus_line (id, code, name) values (nextval('sq_bus_line'), '574A-10', 'Americanopolis - Lgo.cambuci');
insert into bus_line (id, code, name) values (nextval('sq_bus_line'), '574C-10', 'Terminal Sao Mateus - Divisa De Sao Caetano');
insert into bus_line (id, code, name) values (nextval('sq_bus_line'), '574J-10', 'Metro Conceição - Term. V. Carrao');
insert into bus_line (id, code, name) values (nextval('sq_bus_line'), '574R-10', 'Term. Sapopemba/teotônio Vilela - Metro Belem');
insert into bus_line (id, code, name) values (nextval('sq_bus_line'), '574T-10', 'Term. Sapopemba/teotonio Vilela - Metro Carrao');
insert into bus_line (id, code, name) values (nextval('sq_bus_line'), '574W-10', 'Jd. Walkiria - Metro Belem');
insert into bus_line (id, code, name) values (nextval('sq_bus_line'), '5752-10', 'Vila Missionaria - Metro Conceicao');
insert into bus_line (id, code, name) values (nextval('sq_bus_line'), '5757-10', 'Cidade Julia - Metrô Conceicão');
insert into bus_line (id, code, name) values (nextval('sq_bus_line'), '5757-51', 'Pedreira - Metrô Conceição');
insert into bus_line (id, code, name) values (nextval('sq_bus_line'), '5759-10', 'Pq. Primavera - Metro Conceicao');
insert into bus_line (id, code, name) values (nextval('sq_bus_line'), '5759-31', 'Pq. Primavera - Metro Conceicao');
insert into bus_line (id, code, name) values (nextval('sq_bus_line'), '575A-10', 'Div. São Caetano - Shop. Metro Tatuape');
insert into bus_line (id, code, name) values (nextval('sq_bus_line'), '575C-10', 'Vila Matias - Metro Conceicao');
insert into bus_line (id, code, name) values (nextval('sq_bus_line'), '575C-21', 'Vila Diva - Metro Vila Prudente');
insert into bus_line (id, code, name) values (nextval('sq_bus_line'), '576C-10', 'Metro Jabaquara - Term. Santo Amaro');
insert into bus_line (id, code, name) values (nextval('sq_bus_line'), '576J-10', 'Metro Jabaquara - Sto Amaro');
insert into bus_line (id, code, name) values (nextval('sq_bus_line'), '576M-10', 'V. Clara - Terminal Pinheiros');
insert into bus_line (id, code, name) values (nextval('sq_bus_line'), '577T-10', 'Jd. Miriam - Vila Gomes');
insert into bus_line (id, code, name) values (nextval('sq_bus_line'), '5791-10', 'Eldorado - Metrô Vergueiro');
insert into bus_line (id, code, name) values (nextval('sq_bus_line'), '6000-10', 'Term. Parelheiros - Term. Sto. Amaro');
insert into bus_line (id, code, name) values (nextval('sq_bus_line'), '6000-21', 'Cidade Dutra - Ama');
insert into bus_line (id, code, name) values (nextval('sq_bus_line'), '6000-22', 'Term. Parelheiros - Praça Suzana Rodrigues');
insert into bus_line (id, code, name) values (nextval('sq_bus_line'), '6001-10', 'Term. Capebus_line  - Term Santo Amaro');
insert into bus_line (id, code, name) values (nextval('sq_bus_line'), '6002-10', 'Cidade Dutra - Hospital De Pedreira (circular )');
insert into bus_line (id, code, name) values (nextval('sq_bus_line'), '6003-10', 'Terminal Grajaú - Terminal Varginha');
insert into bus_line (id, code, name) values (nextval('sq_bus_line'), '6006-10', 'Jd. Herculano - Shopping Interlagos');
insert into bus_line (id, code, name) values (nextval('sq_bus_line'), '6007-10', 'Pq. Sto. Antonio - Term. Sto. Amaro');
insert into bus_line (id, code, name) values (nextval('sq_bus_line'), '6008-10', 'Jd. Planalto - Term. Sto. Amaro');
insert into bus_line (id, code, name) values (nextval('sq_bus_line'), '6008-21', 'Pque. Europa - Term. Sto. Amaro');
insert into bus_line (id, code, name) values (nextval('sq_bus_line'), '6010-10', 'Chac. Santa Maria - Term. Guarapiranga');
insert into bus_line (id, code, name) values (nextval('sq_bus_line'), '6012-10', 'Pque. Independência - Santo Amaro');
insert into bus_line (id, code, name) values (nextval('sq_bus_line'), '6012-31', 'Pq. Independencia -  Jd. Angela  Circular ');
insert into bus_line (id, code, name) values (nextval('sq_bus_line'), '6013-10', 'Jd. Nakamura - Term. Sto. Amaro');
insert into bus_line (id, code, name) values (nextval('sq_bus_line'), '6013-21', 'Etec - Jd. âNgela');
insert into bus_line (id, code, name) values (nextval('sq_bus_line'), '6014-10', 'Term. Rod. Jd. Jacira - Term. Sto. Amaro');
insert into bus_line (id, code, name) values (nextval('sq_bus_line'), '6015-10', 'Vila Calu - Santo Amaro');
insert into bus_line (id, code, name) values (nextval('sq_bus_line'), '6016-10', 'Jd. Noronha - Terminal Grajaú');
insert into bus_line (id, code, name) values (nextval('sq_bus_line'), '6016-31', 'Jd. Noronha - Term. Varginha');
insert into bus_line (id, code, name) values (nextval('sq_bus_line'), '6016-41', 'Jd. Porto Velho - Terminal Grajaú');
insert into bus_line (id, code, name) values (nextval('sq_bus_line'), '6017-10', 'Jd. Nakamura - Santo Amaro');
insert into bus_line (id, code, name) values (nextval('sq_bus_line'), '6019-10', 'Term. Guarapiranga - Jd. Alfredo');
insert into bus_line (id, code, name) values (nextval('sq_bus_line'), '6022-10', 'Pque. Cerejeira - Santo Amaro');
insert into bus_line (id, code, name) values (nextval('sq_bus_line'), '6025-10', 'Jd. Guaruja - Santo Amaro');
insert into bus_line (id, code, name) values (nextval('sq_bus_line'), '6026-10', 'Jd. Icarai - Term. Sto. Amaro');
insert into bus_line (id, code, name) values (nextval('sq_bus_line'), '6026-31', 'Jd. Icarai - Terminal Santo Amaro');
insert into bus_line (id, code, name) values (nextval('sq_bus_line'), '6027-10', 'Jd. Grauna - Term. Sto. Amaro');
insert into bus_line (id, code, name) values (nextval('sq_bus_line'), '6028-10', 'Riviera - Term. Sto. Amaro');
insert into bus_line (id, code, name) values (nextval('sq_bus_line'), '6028-31', 'Riviera - Term. Santo Amaro');
insert into bus_line (id, code, name) values (nextval('sq_bus_line'), '6030-10', 'Unisa-campus 1 Até V.são José - Term. Sto. Amaro');
insert into bus_line (id, code, name) values (nextval('sq_bus_line'), '6030-21', 'Unisa-campus 1 - Term. Sto. Amaro');
insert into bus_line (id, code, name) values (nextval('sq_bus_line'), '6031-10', 'Jd. Sao Bernardo - Terminal Grajaú');
insert into bus_line (id, code, name) values (nextval('sq_bus_line'), '6034-10', 'Pq. Res. Cocaia - Terminal Grajaú');
insert into bus_line (id, code, name) values (nextval('sq_bus_line'), '6035-10', 'Vila Gilda - Santo Amaro');
insert into bus_line (id, code, name) values (nextval('sq_bus_line'), '6035-21', 'Vila Gilda - Term.guarapiranga');
insert into bus_line (id, code, name) values (nextval('sq_bus_line'), '6036-10', 'Jd. Macedonia - Santo Amaro');
insert into bus_line (id, code, name) values (nextval('sq_bus_line'), '6037-10', 'Jd. Mitsutani - Santo Amaro');
insert into bus_line (id, code, name) values (nextval('sq_bus_line'), '6038-10', 'Jd. Das Rosas - Santo Amaro');
insert into bus_line (id, code, name) values (nextval('sq_bus_line'), '6039-10', 'Valo Velho - Santo Amaro');
insert into bus_line (id, code, name) values (nextval('sq_bus_line'), '6040-10', 'Terminal Capebus_line  - Itaim Bibi');
insert into bus_line (id, code, name) values (nextval('sq_bus_line'), '6041-10', 'Jd. Jangadeiro - Santo Amaro');
insert into bus_line (id, code, name) values (nextval('sq_bus_line'), '6041-21', 'Term. Joao Dias - Jd. Monte Azul- Circular');
insert into bus_line (id, code, name) values (nextval('sq_bus_line'), '6042-10', 'Jd. Tres Estrelas - Santo Amaro');
insert into bus_line (id, code, name) values (nextval('sq_bus_line'), '6042-21', 'Terminal Capebus_line  - Ceu Capão Redondo');
insert into bus_line (id, code, name) values (nextval('sq_bus_line'), '6043-10', 'Jd. Capebus_line  - Term. Santo Amaro');
insert into bus_line (id, code, name) values (nextval('sq_bus_line'), '6044-10', 'Jd. Dom José - Term. Santo Amaro');
insert into bus_line (id, code, name) values (nextval('sq_bus_line'), '6045-10', 'Valo Velho - Santo Amaro');
insert into bus_line (id, code, name) values (nextval('sq_bus_line'), '6046-10', 'Jd. Sao Bento Novo - Santo Amaro');
insert into bus_line (id, code, name) values (nextval('sq_bus_line'), '6047-10', 'Jd. Lidia - Santo Amaro');
insert into bus_line (id, code, name) values (nextval('sq_bus_line'), '6048-10', 'Capao Redondo - Sto. Amaro');
insert into bus_line (id, code, name) values (nextval('sq_bus_line'), '6049-10', 'Valo Velho - Santo  Amaro');
insert into bus_line (id, code, name) values (nextval('sq_bus_line'), '6051-10', 'Jd. Itajaí - Terminal Varginha');
insert into bus_line (id, code, name) values (nextval('sq_bus_line'), '6051-31', 'Jd. Itajaí - Terminal Varginha');
insert into bus_line (id, code, name) values (nextval('sq_bus_line'), '6052-10', 'Jd. Sete De Setembro - Terminal Varginha');
insert into bus_line (id, code, name) values (nextval('sq_bus_line'), '6052-31', 'Jd. Almeida Prado - Terminal Varginha');
insert into bus_line (id, code, name) values (nextval('sq_bus_line'), '6053-10', 'Jd. Ellus - Terminal Grajaú');
insert into bus_line (id, code, name) values (nextval('sq_bus_line'), '6055-10', 'Jd. Sao Bernardo - Shop. Interlagos( Circular )');
insert into bus_line (id, code, name) values (nextval('sq_bus_line'), '6056-10', 'Pq. Santa Cecilia - Terminal Grajau');
insert into bus_line (id, code, name) values (nextval('sq_bus_line'), '6056-41', 'Vila Natal - Terminal Grajau');
insert into bus_line (id, code, name) values (nextval('sq_bus_line'), '6057-10', 'Vila Natal - Term. Grajau');
insert into bus_line (id, code, name) values (nextval('sq_bus_line'), '6058-10', 'Jd. Noronha - Terminal Varginha');
insert into bus_line (id, code, name) values (nextval('sq_bus_line'), '6059-10', 'Jd. Universal - Santo Amaro');
insert into bus_line (id, code, name) values (nextval('sq_bus_line'), '6061-10', 'Jd. Marilda - Terminal Grajaú');
insert into bus_line (id, code, name) values (nextval('sq_bus_line'), '6062-10', 'Jd. Castro Alves - Terminal Grajaú');
insert into bus_line (id, code, name) values (nextval('sq_bus_line'), '6062-51', 'Jd. Castro Alves - Terminal Santo Amaro');
insert into bus_line (id, code, name) values (nextval('sq_bus_line'), '6063-10', 'Jd. Varginha - Terminal Varginha');
insert into bus_line (id, code, name) values (nextval('sq_bus_line'), '6063-21', 'Jd. Novo Horizonte - Terminal Varginha');
insert into bus_line (id, code, name) values (nextval('sq_bus_line'), '6063-41', 'Jd. Novo Marilda - Terminal Varginha');
insert into bus_line (id, code, name) values (nextval('sq_bus_line'), '6063-42', 'Chacara Santo Amaro - Terminal Varginha');
insert into bus_line (id, code, name) values (nextval('sq_bus_line'), '6069-10', 'Jd. Sao Bernardo - Santo Amaro');
insert into bus_line (id, code, name) values (nextval('sq_bus_line'), '6071-10', 'Jd. Orion - Term. Santo Amaro');
insert into bus_line (id, code, name) values (nextval('sq_bus_line'), '6071-22', 'Jd. Primavera - Term. Santo Amaro');
insert into bus_line (id, code, name) values (nextval('sq_bus_line'), '6072-10', 'Jd. Sao Nicolau - Terminal Varginha');
insert into bus_line (id, code, name) values (nextval('sq_bus_line'), '6072-21', 'Jd. Iporã - Terminal Varginha');
insert into bus_line (id, code, name) values (nextval('sq_bus_line'), '6072-22', 'Jd. Manacá Da Serra - Terminal Varginha');
insert into bus_line (id, code, name) values (nextval('sq_bus_line'), '6072-23', 'Terminal Varginha - Balneario São José (circular)');
insert into bus_line (id, code, name) values (nextval('sq_bus_line'), '6073-10', 'Jd. Santa Terezinha - Terminal Varginha');
insert into bus_line (id, code, name) values (nextval('sq_bus_line'), '6073-21', 'Jd. Silveira - Terminal Varginha');
insert into bus_line (id, code, name) values (nextval('sq_bus_line'), '6074-10', 'Jd. Gaivotas - Estacao Jurubatuba');
insert into bus_line (id, code, name) values (nextval('sq_bus_line'), '6075-10', 'Jd. Rec. Campo Belo - Term. Varginha');
insert into bus_line (id, code, name) values (nextval('sq_bus_line'), '6075-21', 'Jd. Aruan - Terminal Varginha');
insert into bus_line (id, code, name) values (nextval('sq_bus_line'), '6075-41', 'Jardim Almeida - Term. Varginha');
insert into bus_line (id, code, name) values (nextval('sq_bus_line'), '6076-10', 'Jd. Progresso - Term. Sto. Amaro');
insert into bus_line (id, code, name) values (nextval('sq_bus_line'), '6076-41', 'Jd. Satelite Ii - Terminal Santo Amaro');
insert into bus_line (id, code, name) values (nextval('sq_bus_line'), '6078-10', 'Cantinho Do Ceu - Shop. Interlagos');
insert into bus_line (id, code, name) values (nextval('sq_bus_line'), '607A-10', 'Jd. Apura - Socorro');
insert into bus_line (id, code, name) values (nextval('sq_bus_line'), '607A-21', 'Jd. Apura - Estação Jurubatuba');
insert into bus_line (id, code, name) values (nextval('sq_bus_line'), '607C-10', 'Jd. Miriam - Shopping Morumbi');
insert into bus_line (id, code, name) values (nextval('sq_bus_line'), '607G-10', 'Metrô Conceição - Shopping Morumbi - Circular');
insert into bus_line (id, code, name) values (nextval('sq_bus_line'), '607M-10', 'Terminal Grajau - Shopping Morumbi');
insert into bus_line (id, code, name) values (nextval('sq_bus_line'), '6080-10', 'Jd. Lucelia - Shopping Interlagos');
insert into bus_line (id, code, name) values (nextval('sq_bus_line'), '6083-10', 'Jd. Eliana - Terminal Grajaú');
insert into bus_line (id, code, name) values (nextval('sq_bus_line'), '6084-10', 'Jd. Chacara Do Sol - Term. Varginha');
insert into bus_line (id, code, name) values (nextval('sq_bus_line'), '6084-21', 'Jd. Moraes Prado - Term. Varginha');
insert into bus_line (id, code, name) values (nextval('sq_bus_line'), '6091-10', 'Vargem Grande - Term. Santo Amaro');
insert into bus_line (id, code, name) values (nextval('sq_bus_line'), '6091-21', 'Jd. Silveira - Terminal Santo Amaro');
insert into bus_line (id, code, name) values (nextval('sq_bus_line'), '6091-51', 'Colonia - Term. Sto. Amaro');
insert into bus_line (id, code, name) values (nextval('sq_bus_line'), '6092-10', 'Jd. Das Pedras - Terminal Grajaú');
insert into bus_line (id, code, name) values (nextval('sq_bus_line'), '6093-10', 'Vargem Grande - Terminal Grajaú');
insert into bus_line (id, code, name) values (nextval('sq_bus_line'), '6099-10', 'Divisa De Embu Guaçu - Terminal Grajaú');
insert into bus_line (id, code, name) values (nextval('sq_bus_line'), '609F-10', 'Chacara Santana - Pca. Princ. Isabel');
insert into bus_line (id, code, name) values (nextval('sq_bus_line'), '609F-21', 'Chacara Santana - Anhangabau');
insert into bus_line (id, code, name) values (nextval('sq_bus_line'), '609R-10', 'Jd. Capela - Ccpd Raul Tabajaras');
insert into bus_line (id, code, name) values (nextval('sq_bus_line'), '6110-10', 'Conj. Hab. Palmares - Aeroporto');
insert into bus_line (id, code, name) values (nextval('sq_bus_line'), '6115-10', 'Cantinho Do Ceu - Terminal Grajau');
insert into bus_line (id, code, name) values (nextval('sq_bus_line'), '6116-10', 'Jd. Prainha - Terminal Grajaú');
insert into bus_line (id, code, name) values (nextval('sq_bus_line'), '6118-10', 'Jd. Icarai - Terminal Santo Amaro');
insert into bus_line (id, code, name) values (nextval('sq_bus_line'), '6120-10', 'Jd. Lucelia - Terminal Grajau');
insert into bus_line (id, code, name) values (nextval('sq_bus_line'), '6128-10', 'Vila Natal - Shop. Morumbi');
insert into bus_line (id, code, name) values (nextval('sq_bus_line'), '6200-10', 'Term. Santo Amaro - Term. Bandeira');
insert into bus_line (id, code, name) values (nextval('sq_bus_line'), '6232-10', 'Pinheiros/vila Ida  - Metrô Barra Funda');
insert into bus_line (id, code, name) values (nextval('sq_bus_line'), '6250-10', 'Jd. Jaqueline - Term. Bandeira');
insert into bus_line (id, code, name) values (nextval('sq_bus_line'), '6258-10', 'Jd. Sao Francisco - Term. Santo Amaro');
insert into bus_line (id, code, name) values (nextval('sq_bus_line'), '6258-31', 'Jd. Santa Margarida - Jd Ibirapuera');
insert into bus_line (id, code, name) values (nextval('sq_bus_line'), '6262-10', 'Ceasa - Term. Bandeira');
insert into bus_line (id, code, name) values (nextval('sq_bus_line'), '6262-21', 'Vila Leopoldina - Pinheiros');
insert into bus_line (id, code, name) values (nextval('sq_bus_line'), '627J-10', 'Jd. Miriam - Metrô São Judas');
insert into bus_line (id, code, name) values (nextval('sq_bus_line'), '6291-10', 'Inocoop Campo Limpo - Term. Bandeira');
insert into bus_line (id, code, name) values (nextval('sq_bus_line'), '6312-10', 'Jd. Luso - Terminal Amaral Gurgel');
insert into bus_line (id, code, name) values (nextval('sq_bus_line'), '6338-10', 'Jd. Miriam - Term. Princ. Isabel');
insert into bus_line (id, code, name) values (nextval('sq_bus_line'), '6358-10', 'Jd. Luso - Term. Bandeira');
insert into bus_line (id, code, name) values (nextval('sq_bus_line'), '6358-41', 'V. Imperio - Term. Bandeira');
insert into bus_line (id, code, name) values (nextval('sq_bus_line'), '6366-10', 'Jd. Miriam - Term. Bandeira');
insert into bus_line (id, code, name) values (nextval('sq_bus_line'), '637A-10', 'Term. Jd. Angela - Term. Pinheiros');
insert into bus_line (id, code, name) values (nextval('sq_bus_line'), '637A-21', 'Vila Remo - Term. Pinheiros');
insert into bus_line (id, code, name) values (nextval('sq_bus_line'), '637A-22', 'Itaim Bibi - Term. Jd. Angela');
insert into bus_line (id, code, name) values (nextval('sq_bus_line'), '637A-25', 'Piraporinha - Term. Pinheiros');
insert into bus_line (id, code, name) values (nextval('sq_bus_line'), '637A-26', 'Ter Guarapiranga - Term. Pinheiros');
insert into bus_line (id, code, name) values (nextval('sq_bus_line'), '637G-10', 'Grajau - Pinheiros');
insert into bus_line (id, code, name) values (nextval('sq_bus_line'), '637G-51', 'Jd. Eliana - Pinheiros');
insert into bus_line (id, code, name) values (nextval('sq_bus_line'), '637J-10', 'V. Sao Jose - Pinheiros');
insert into bus_line (id, code, name) values (nextval('sq_bus_line'), '637P-10', 'Term. Santo Amaro - Term. Pinheiros');
insert into bus_line (id, code, name) values (nextval('sq_bus_line'), '637R-10', 'Jd.aracati - Terminal Sto Amaro');
insert into bus_line (id, code, name) values (nextval('sq_bus_line'), '637V-10', 'Parque America - Terminal Santo Amaro');
insert into bus_line (id, code, name) values (nextval('sq_bus_line'), '6400-10', 'Terminal Joao Dias - Terminal Bandeira');
insert into bus_line (id, code, name) values (nextval('sq_bus_line'), '6401-10', 'V. Olimpia - Est. Da Luz');
insert into bus_line (id, code, name) values (nextval('sq_bus_line'), '6401-21', 'Vila Olimpia - Anhangabaú Circular');
insert into bus_line (id, code, name) values (nextval('sq_bus_line'), '6403-10', 'Terminal Joao Dias - Term. Pq.d. Pedro Ii');
insert into bus_line (id, code, name) values (nextval('sq_bus_line'), '6412-10', 'Paraisopolis - Term. Princ. Isabel');
insert into bus_line (id, code, name) values (nextval('sq_bus_line'), '6414-10', 'Socorro - Term. Bandeira');
insert into bus_line (id, code, name) values (nextval('sq_bus_line'), '6418-10', 'Real Parque - Largo São Francisco');
insert into bus_line (id, code, name) values (nextval('sq_bus_line'), '6418-31', 'Real Parque - Paulista');
insert into bus_line (id, code, name) values (nextval('sq_bus_line'), '6422-10', 'V. Cruzeiro - Term. Bandeira');
insert into bus_line (id, code, name) values (nextval('sq_bus_line'), '6450-10', 'Term. Capebus_line  - Term. Bandeira');
insert into bus_line (id, code, name) values (nextval('sq_bus_line'), '6450-21', 'Terminal Capebus_line  - Itaim Bibi');
insert into bus_line (id, code, name) values (nextval('sq_bus_line'), '6450-51', 'Valo Velho - Term. Bandeira');
insert into bus_line (id, code, name) values (nextval('sq_bus_line'), '6451-10', 'Term. Capebus_line  - Term. Bandeira');
insert into bus_line (id, code, name) values (nextval('sq_bus_line'), '6451-21', 'Terminal Capebus_line  - Pca. 14 Bis');
insert into bus_line (id, code, name) values (nextval('sq_bus_line'), '6455-10', 'Term. Capebus_line  - Lgo. Sao Francisco');
insert into bus_line (id, code, name) values (nextval('sq_bus_line'), '6455-21', 'Terminal Capebus_line  - Ibirapuera');
insert into bus_line (id, code, name) values (nextval('sq_bus_line'), '6475-10', 'Jd. Vaz De Lima - Pca. Da Bandeira');
insert into bus_line (id, code, name) values (nextval('sq_bus_line'), '6475-21', 'Jd. Vaz De Lima - Term. Capebus_line ');
insert into bus_line (id, code, name) values (nextval('sq_bus_line'), '647A-10', 'Valo Velho - Pinheiros');
insert into bus_line (id, code, name) values (nextval('sq_bus_line'), '647C-10', 'Term. Joao Dias - Hosp. Das Clinicas');
insert into bus_line (id, code, name) values (nextval('sq_bus_line'), '647P-10', 'Cohab Adventista - Term. Pinheiros');
insert into bus_line (id, code, name) values (nextval('sq_bus_line'), '648P-10', 'Term. Capebus_line  - Term. Pinheiros');
insert into bus_line (id, code, name) values (nextval('sq_bus_line'), '648P-21', 'Term. Capebus_line  - Itaim Bibi');
insert into bus_line (id, code, name) values (nextval('sq_bus_line'), '6500-10', 'Term. Sto.amaro - Term. Bandeira');
insert into bus_line (id, code, name) values (nextval('sq_bus_line'), '6505-10', 'Term. Guarapiranga - Term. Bandeira');
insert into bus_line (id, code, name) values (nextval('sq_bus_line'), '669A-10', 'Term. Sto. Amaro - Term. Princ. Isabel');
insert into bus_line (id, code, name) values (nextval('sq_bus_line'), '669A-41', 'Term. Sto. Amaro - Metrô Paulista');
insert into bus_line (id, code, name) values (nextval('sq_bus_line'), '6726-10', 'Jd. Gaivotas - Terminal Grajau');
insert into bus_line (id, code, name) values (nextval('sq_bus_line'), '675A-10', 'Pq. Sto. Antonio - Metro Sao Judas');
insert into bus_line (id, code, name) values (nextval('sq_bus_line'), '675A-41', 'Jd. Sao Luiz - Metro Sao Judas');
insert into bus_line (id, code, name) values (nextval('sq_bus_line'), '675G-10', 'Pq Res. Cocaia - Metro Jabaquara');
insert into bus_line (id, code, name) values (nextval('sq_bus_line'), '675G-22', 'Parque Res. Cocaia - Colegio Santa Maria');
insert into bus_line (id, code, name) values (nextval('sq_bus_line'), '675G-41', 'Jd. Castro Alves - Metro Jabaquara');
insert into bus_line (id, code, name) values (nextval('sq_bus_line'), '675I-10', 'Terminal Joao Dias - Metro Sao Judas');
insert into bus_line (id, code, name) values (nextval('sq_bus_line'), '675K-10', 'Term. Jd. Angela - Metro Sta Cruz');
insert into bus_line (id, code, name) values (nextval('sq_bus_line'), '675K-21', 'Estação Socorro - Term. Jd. âNgela');
insert into bus_line (id, code, name) values (nextval('sq_bus_line'), '675K-23', 'Vila Remo - Moema');
insert into bus_line (id, code, name) values (nextval('sq_bus_line'), '675L-10', 'Term. Santo Amaro - Metro Santa Cruz');
insert into bus_line (id, code, name) values (nextval('sq_bus_line'), '675M-10', 'Centro Sesc - Metro Jabaquara');
insert into bus_line (id, code, name) values (nextval('sq_bus_line'), '675N-10', 'Term. Sto. Amaro - Metro Ana Rosa');
insert into bus_line (id, code, name) values (nextval('sq_bus_line'), '675P-10', 'Shopping Sp Market - Metro Conceicao');
insert into bus_line (id, code, name) values (nextval('sq_bus_line'), '675R-10', 'Grajau - Metro Jabaquara');
insert into bus_line (id, code, name) values (nextval('sq_bus_line'), '675V-10', 'Term. Capebus_line  - Metro Jabaquara');
insert into bus_line (id, code, name) values (nextval('sq_bus_line'), '675V-21', 'Piraporinha - Metrô Jabaquara');
insert into bus_line (id, code, name) values (nextval('sq_bus_line'), '675X-10', 'Terminal Grajau - Metro V. Mariana');
insert into bus_line (id, code, name) values (nextval('sq_bus_line'), '675Z-10', 'Jd. Guaruja - Metro Jabaquara');
insert into bus_line (id, code, name) values (nextval('sq_bus_line'), '677A-10', 'Term Jd âNgela - Metro Ana Rosa');
insert into bus_line (id, code, name) values (nextval('sq_bus_line'), '677A-23', 'Brooklin - Term Jd âNgela');
insert into bus_line (id, code, name) values (nextval('sq_bus_line'), '677V-10', 'Jd. Alpino - Estação Autódromo');
insert into bus_line (id, code, name) values (nextval('sq_bus_line'), '677Y-10', 'Jd. Guaruja - Morumbi Shopping');
insert into bus_line (id, code, name) values (nextval('sq_bus_line'), '6801-10', 'Jd. Ibirapuera - Term. Joao Dias');
insert into bus_line (id, code, name) values (nextval('sq_bus_line'), '6801-51', 'Jd. Ibirapuera - Term João Dias');
insert into bus_line (id, code, name) values (nextval('sq_bus_line'), '6803-10', 'Jd. Capebus_line  - Term. Joao Dias');
insert into bus_line (id, code, name) values (nextval('sq_bus_line'), '6804-10', 'Jd. Inga - Term. Joao Dias');
insert into bus_line (id, code, name) values (nextval('sq_bus_line'), '6805-10', 'Term. Capebus_line  - Term. Joao Dias');
insert into bus_line (id, code, name) values (nextval('sq_bus_line'), '6805-31', 'Terminal Capebus_line  - Terminal Joao Dias');
insert into bus_line (id, code, name) values (nextval('sq_bus_line'), '6806-10', 'Jd. Novo Oriente - Term. Joao Dias');
insert into bus_line (id, code, name) values (nextval('sq_bus_line'), '6812-10', 'Jd. Capela - Santo Amaro');
insert into bus_line (id, code, name) values (nextval('sq_bus_line'), '6813-10', 'Jd. Lidia - Term. Capebus_line ');
insert into bus_line (id, code, name) values (nextval('sq_bus_line'), '6815-10', 'Jd. Comercial - Term. Capebus_line ');
insert into bus_line (id, code, name) values (nextval('sq_bus_line'), '6816-10', 'Jd. Mitsutani - Term. Capebus_line ');
insert into bus_line (id, code, name) values (nextval('sq_bus_line'), '6816-31', 'Jd. Mitsutani - Terminal Capebus_line ');
insert into bus_line (id, code, name) values (nextval('sq_bus_line'), '6817-10', 'Jd. Sao Bento - Term. Capebus_line ');
insert into bus_line (id, code, name) values (nextval('sq_bus_line'), '6818-10', 'Jd Vale Das Virtudes - Term. Capebus_line ');
insert into bus_line (id, code, name) values (nextval('sq_bus_line'), '6820-10', 'Jd. Das Rosas - Term. Capebus_line ');
insert into bus_line (id, code, name) values (nextval('sq_bus_line'), '6820-31', 'Jd. Das Rosas - Term. Capebus_line ');
insert into bus_line (id, code, name) values (nextval('sq_bus_line'), '6821-10', 'Jd. Jangadeiro - Term. Capebus_line ');
insert into bus_line (id, code, name) values (nextval('sq_bus_line'), '6822-10', 'Jd. Macedonia - Term. Capebus_line ');
insert into bus_line (id, code, name) values (nextval('sq_bus_line'), '6823-10', 'Jd. Guaruja - Term. Capebus_line ');
insert into bus_line (id, code, name) values (nextval('sq_bus_line'), '6824-10', 'Pq. Fernanda - Term. Capebus_line ');
insert into bus_line (id, code, name) values (nextval('sq_bus_line'), '6825-10', 'Valo Velho - Term. Capebus_line ');
insert into bus_line (id, code, name) values (nextval('sq_bus_line'), '6825-21', 'Term. Capebus_line  - Valo Velho');
insert into bus_line (id, code, name) values (nextval('sq_bus_line'), '6826-10', 'Jd. Dom José - Term. Capebus_line ');
insert into bus_line (id, code, name) values (nextval('sq_bus_line'), '6827-10', 'Term. Capebus_line  - Valo Velho');
insert into bus_line (id, code, name) values (nextval('sq_bus_line'), '6829-10', 'Term. Capebus_line  - Jd. Vaz De Lima');
insert into bus_line (id, code, name) values (nextval('sq_bus_line'), '6830-10', 'Term. Capebus_line  - Jd. Irene');
insert into bus_line (id, code, name) values (nextval('sq_bus_line'), '6831-10', 'Term. Capebus_line  - Jd. Guaruja');
insert into bus_line (id, code, name) values (nextval('sq_bus_line'), '6832-10', 'Term. Capebus_line  - Pq. Arariba');
insert into bus_line (id, code, name) values (nextval('sq_bus_line'), '6835-10', 'Valo Velho - Term. Capebus_line ');
insert into bus_line (id, code, name) values (nextval('sq_bus_line'), '6835-31', 'Valo Velho - Term. Capebus_line ');
insert into bus_line (id, code, name) values (nextval('sq_bus_line'), '6836-10', 'Capao Redondo - Terminal Joao Dias');
insert into bus_line (id, code, name) values (nextval('sq_bus_line'), '6837-10', 'Shop. Portal - Term. Capebus_line ');
insert into bus_line (id, code, name) values (nextval('sq_bus_line'), '6840-10', 'Ter. Rod. J. Jacira - Terminal Capebus_line ');
insert into bus_line (id, code, name) values (nextval('sq_bus_line'), '6913-10', 'Terminal Varginha - Terminal Bandeira');
insert into bus_line (id, code, name) values (nextval('sq_bus_line'), '6913-21', 'Terminal Varginha - Itaim Bibi (circular)');
insert into bus_line (id, code, name) values (nextval('sq_bus_line'), '695D-10', 'Jd. Sta. Barbara - Metro Jabaquara');
insert into bus_line (id, code, name) values (nextval('sq_bus_line'), '695H-10', 'Jd. Herplin - Metro Pca. Da Arvore');
insert into bus_line (id, code, name) values (nextval('sq_bus_line'), '695T-10', 'Term. Capebus_line  - Metro Vila Mariana');
insert into bus_line (id, code, name) values (nextval('sq_bus_line'), '695T-51', 'Term. Capebus_line  - Metro Vl. Mariana');
insert into bus_line (id, code, name) values (nextval('sq_bus_line'), '695V-10', 'Terminal Capebus_line  - Metro Ana Rosa');
insert into bus_line (id, code, name) values (nextval('sq_bus_line'), '695X-10', 'Terminal Varginha - Metro Jabaquara');
insert into bus_line (id, code, name) values (nextval('sq_bus_line'), '695X-22', 'Terminal Varginha - Shopping Interlagos');
insert into bus_line (id, code, name) values (nextval('sq_bus_line'), '695Y-10', 'Term. Parelheiros - Metro Vila Mariana');
insert into bus_line (id, code, name) values (nextval('sq_bus_line'), '695Y-22', 'Term. Parelheiros - Borba Gato');
insert into bus_line (id, code, name) values (nextval('sq_bus_line'), '695Y-41', 'Colégio Santa Maria - Terminal Parelheiros');
insert into bus_line (id, code, name) values (nextval('sq_bus_line'), '6960-10', 'Terminal Varginha - Terminal Santo Amaro');
insert into bus_line (id, code, name) values (nextval('sq_bus_line'), '6960-21', 'Terminal Varginha - E.t. Vitor Manzini');
insert into bus_line (id, code, name) values (nextval('sq_bus_line'), '696P-10', 'Term. Amaral Gurgel - Pinheiros (circular)');
insert into bus_line (id, code, name) values (nextval('sq_bus_line'), '6970-10', 'Terminal Grajau - Terminal Santo Amaro');
insert into bus_line (id, code, name) values (nextval('sq_bus_line'), '6L01-10', 'Marsilac - Terminal Varginha');
insert into bus_line (id, code, name) values (nextval('sq_bus_line'), '6L01-22', 'Vila Progresso - Terminal Varginha');
insert into bus_line (id, code, name) values (nextval('sq_bus_line'), '6L01-23', 'Embura - Terminal Varginha');
insert into bus_line (id, code, name) values (nextval('sq_bus_line'), '6L02-10', 'Jd. Eucaliptos - Terminal Parelheiros');
insert into bus_line (id, code, name) values (nextval('sq_bus_line'), '6L03-10', 'Cipo Do Meio - Term. Parelheiros');
insert into bus_line (id, code, name) values (nextval('sq_bus_line'), '6L04-10', 'Jd. Oriental/fontes - Terminal Parelheiros');
insert into bus_line (id, code, name) values (nextval('sq_bus_line'), '6L04-41', 'Jd. Das Fontes - Terminal Parelheiros');
insert into bus_line (id, code, name) values (nextval('sq_bus_line'), '6L04-42', 'Jd. Oriental - Terminal Parelheiros');
insert into bus_line (id, code, name) values (nextval('sq_bus_line'), '6L05-10', 'Barragem - Term. Parelheiros');
insert into bus_line (id, code, name) values (nextval('sq_bus_line'), '6L05-21', 'Cid. Nova America - Terminal Parelheiros');
insert into bus_line (id, code, name) values (nextval('sq_bus_line'), '6L07-10', 'Jd. Santa Fe - Terminal Varginha');
insert into bus_line (id, code, name) values (nextval('sq_bus_line'), '6L08-10', 'Jd. São Nicolau - Terminal Parelheiros ');
insert into bus_line (id, code, name) values (nextval('sq_bus_line'), '6L10-10', 'Pq. Florestal - Terminal Varginha');
insert into bus_line (id, code, name) values (nextval('sq_bus_line'), '6L10-41', 'Messianica - Terminal Varginha');
insert into bus_line (id, code, name) values (nextval('sq_bus_line'), '6L11-10', 'Ilha Do Borore - Term. Grajaú');
insert into bus_line (id, code, name) values (nextval('sq_bus_line'), '7001-10', 'Vila Gilda - Jd âNgela');
insert into bus_line (id, code, name) values (nextval('sq_bus_line'), '7002-10', 'Jd. Rosa Maria - Hosp. Das Clinicas');
insert into bus_line (id, code, name) values (nextval('sq_bus_line'), '7004-10', 'Term. Rod. Jd. Jacira - Est.sto.amaro/av. Guido Caloi');
insert into bus_line (id, code, name) values (nextval('sq_bus_line'), '7005-10', 'Jd.vera Cruz - Jd.ângela - Circ.');
insert into bus_line (id, code, name) values (nextval('sq_bus_line'), '7005-51', 'Jd. Vera Cruz - Metrô Capão Redondo ');
insert into bus_line (id, code, name) values (nextval('sq_bus_line'), '7006-10', 'Jd. Horizonte Azul - Jd.ângela Circular');
insert into bus_line (id, code, name) values (nextval('sq_bus_line'), '7006-41', 'Jd.horizonte Azul - Jd. âNgela Circular');
insert into bus_line (id, code, name) values (nextval('sq_bus_line'), '7006-51', 'Jd. Horizonte Azul - Metrô Capão Redondo');
insert into bus_line (id, code, name) values (nextval('sq_bus_line'), '7009-10', 'Jd. Sao Lourenco - Jardim âNgela Circular');
insert into bus_line (id, code, name) values (nextval('sq_bus_line'), '7011-10', 'Jd. Dos Reis - Jardim âNgela Circular');
insert into bus_line (id, code, name) values (nextval('sq_bus_line'), '7011-21', 'Chacara Santa Maria - Jardim Angela (circular)');
insert into bus_line (id, code, name) values (nextval('sq_bus_line'), '7011-31', 'Jd. Dos Reis -  Jd. Angela Circular');
insert into bus_line (id, code, name) values (nextval('sq_bus_line'), '7012-10', 'Parque Do Lago - Term. Guarapiranga');
insert into bus_line (id, code, name) values (nextval('sq_bus_line'), '7013-10', 'Pq. Arariba - Pinheiros');
insert into bus_line (id, code, name) values (nextval('sq_bus_line'), '7016-10', 'Jd. Angela - Term. Santo Amaro');
insert into bus_line (id, code, name) values (nextval('sq_bus_line'), '7016-21', 'Vila Santa Lucia - Term. Sto. Amaro');
insert into bus_line (id, code, name) values (nextval('sq_bus_line'), '701A-10', 'Pq. Edu Chaves - Metro Vila Madalena');
insert into bus_line (id, code, name) values (nextval('sq_bus_line'), '701U-10', 'Metrô Santana - Butanta - Usp');
insert into bus_line (id, code, name) values (nextval('sq_bus_line'), '701U-21', 'Metrô Santana - Pinheiros');
insert into bus_line (id, code, name) values (nextval('sq_bus_line'), '7021-10', 'Jd. Maracá - Term. João Dias');
insert into bus_line (id, code, name) values (nextval('sq_bus_line'), '7022-10', 'Jd.caicara - Term. Sto. Amaro');
insert into bus_line (id, code, name) values (nextval('sq_bus_line'), '7023-10', 'Jd. Nakamura - Term. Sto. Amaro');
insert into bus_line (id, code, name) values (nextval('sq_bus_line'), '702C-10', 'Jd. Bonfiglioli - Metrô Belém');
insert into bus_line (id, code, name) values (nextval('sq_bus_line'), '702N-10', 'Term. Pq.d.pedro Ii - Term. Pinheiros');
insert into bus_line (id, code, name) values (nextval('sq_bus_line'), '702P-10', 'Term. Penha - Pinheiros');
insert into bus_line (id, code, name) values (nextval('sq_bus_line'), '702P-41', 'Belem - Pinheiros');
insert into bus_line (id, code, name) values (nextval('sq_bus_line'), '702U-10', 'Butanta - Usp - Term. Pq. D.pedro Ii');
insert into bus_line (id, code, name) values (nextval('sq_bus_line'), '702U-21', 'Pinheiros - Term. Pq. D.pedro Ii');
insert into bus_line (id, code, name) values (nextval('sq_bus_line'), '7040-10', 'Paraisopolis - Pinheiros');
insert into bus_line (id, code, name) values (nextval('sq_bus_line'), '7040-21', 'Paraisopolis - Pinheiros');
insert into bus_line (id, code, name) values (nextval('sq_bus_line'), '7049-10', 'Parque Do Lago - Terminal Campo Limpo');
insert into bus_line (id, code, name) values (nextval('sq_bus_line'), '7050-10', 'Jd. Das Rosas - Term.campo Limpo');
insert into bus_line (id, code, name) values (nextval('sq_bus_line'), '7051-10', 'Jd. Rosana - Terminal Campo Limpo');
insert into bus_line (id, code, name) values (nextval('sq_bus_line'), '7052-10', 'Jd. Helga - Terminal Campo Limpo');
insert into bus_line (id, code, name) values (nextval('sq_bus_line'), '7053-10', 'Jd. Macedonia - Terminal Campo Limpo');
insert into bus_line (id, code, name) values (nextval('sq_bus_line'), '7053-21', 'Jd. Maria Sampaio - Terminal Campo Limpo');
insert into bus_line (id, code, name) values (nextval('sq_bus_line'), '7053-22', 'Jd. Maria Sampaio - Terminal Campo Limpo');
insert into bus_line (id, code, name) values (nextval('sq_bus_line'), '7054-10', 'Jd. Macedonia - Terminal Campo Limpo');
insert into bus_line (id, code, name) values (nextval('sq_bus_line'), '7055-10', 'Jd. Guarujá - Term.campo Limpo');
insert into bus_line (id, code, name) values (nextval('sq_bus_line'), '7057-10', 'Jd. Mitsutani - Terminal Campo Limpo');
insert into bus_line (id, code, name) values (nextval('sq_bus_line'), '7058-10', 'Jd. Mitsutani - Term. Campo Limpo');
insert into bus_line (id, code, name) values (nextval('sq_bus_line'), '7059-10', 'Pq. Do Engenho - Terminal Campo Limpo');
insert into bus_line (id, code, name) values (nextval('sq_bus_line'), '7060-10', 'Valo Velho - Term.campo Limpo');
insert into bus_line (id, code, name) values (nextval('sq_bus_line'), '7062-10', 'Inocoop Campo Limpo - Term. Campo Limpo');
insert into bus_line (id, code, name) values (nextval('sq_bus_line'), '7062-31', 'Campo Limpo - Term. Campo Limpo');
insert into bus_line (id, code, name) values (nextval('sq_bus_line'), '7063-10', 'Jd. Macedonia - Term.campo Limpo');
insert into bus_line (id, code, name) values (nextval('sq_bus_line'), '707A-10', 'Jd. âNgela - Metrô Pça. Da áRvore');
insert into bus_line (id, code, name) values (nextval('sq_bus_line'), '707A-23', 'Piraporinha - Moema');
insert into bus_line (id, code, name) values (nextval('sq_bus_line'), '7081-10', 'Terminal Capebus_line  - Terminal Campo Limpo');
insert into bus_line (id, code, name) values (nextval('sq_bus_line'), '7082-10', 'Term. Jd. âNgela - Jd. Horizonte Azul (circular)');
insert into bus_line (id, code, name) values (nextval('sq_bus_line'), '7083-10', 'Term. Jd. âNgela  - Parque Do Lago (circular)');
insert into bus_line (id, code, name) values (nextval('sq_bus_line'), '7084-10', 'Terminal Guarapiranga  - Parque Do Lago (circular)');
insert into bus_line (id, code, name) values (nextval('sq_bus_line'), '7085-10', 'Term. Capebus_line  - Jd. Universal (circular)');
insert into bus_line (id, code, name) values (nextval('sq_bus_line'), '7086-10', 'Term. Jd. âNgela - Jd. Riviera (circular)');
insert into bus_line (id, code, name) values (nextval('sq_bus_line'), '709A-10', 'Term. Sto. Amaro - Ibirapuera');
insert into bus_line (id, code, name) values (nextval('sq_bus_line'), '709G-10', 'Term. Guarapiranga - Itaim Bibi');
insert into bus_line (id, code, name) values (nextval('sq_bus_line'), '709P-10', 'Est. Sto. Amaro/av. Guido Caloi - Term. Pinheiros');
insert into bus_line (id, code, name) values (nextval('sq_bus_line'), '714C-10', 'Cohab Educandario - Lgo. Da Polvora');
insert into bus_line (id, code, name) values (nextval('sq_bus_line'), '715M-10', 'Jd. Maria Luiza - Lgo. Da Polvora');
insert into bus_line (id, code, name) values (nextval('sq_bus_line'), '715M-21', 'Metrô Butantã - Jd. Maria Luiza');
insert into bus_line (id, code, name) values (nextval('sq_bus_line'), '7181-10', 'Cidade Universitaria - Term. Princ. Isabel');
insert into bus_line (id, code, name) values (nextval('sq_bus_line'), '719P-10', 'Terminal Pinheiros - Metrô Armênia');
insert into bus_line (id, code, name) values (nextval('sq_bus_line'), '719R-10', 'Rio Pequeno - Metro Barra Funda');
insert into bus_line (id, code, name) values (nextval('sq_bus_line'), '7228-10', 'Terminal Pinheiros - Pca.ramos De Azevedo');
insert into bus_line (id, code, name) values (nextval('sq_bus_line'), '7245-10', 'Term. Sto. Amaro - Hosp. Das Clinicas');
insert into bus_line (id, code, name) values (nextval('sq_bus_line'), '7267-10', 'Apiacas - Pca Ramos De Azevedo');
insert into bus_line (id, code, name) values (nextval('sq_bus_line'), '7272-10', 'Mercado Da Lapa - Pca Ramos De Azevedo');
insert into bus_line (id, code, name) values (nextval('sq_bus_line'), '7281-10', 'Lapa - Pca.ramos De Azevedo');
insert into bus_line (id, code, name) values (nextval('sq_bus_line'), '7282-10', 'Pq. Continental - Pça. Ramos De Azevedo');
insert into bus_line (id, code, name) values (nextval('sq_bus_line'), '736G-10', 'Jd. Inga - Shopping Morumbi');
insert into bus_line (id, code, name) values (nextval('sq_bus_line'), '736I-10', 'Jd. Inga - Santo Amaro');
insert into bus_line (id, code, name) values (nextval('sq_bus_line'), '736I-21', 'Jd. Inga - Metrô Vila Das Belezas');
insert into bus_line (id, code, name) values (nextval('sq_bus_line'), '737A-10', 'Term Jd âNgela - Term  Sto Amaro');
insert into bus_line (id, code, name) values (nextval('sq_bus_line'), '737G-10', 'Term. Guarapiranga - Term. Sto Amaro');
insert into bus_line (id, code, name) values (nextval('sq_bus_line'), '7411-10', 'Cid. Universitária - Pça. Da Sé');
insert into bus_line (id, code, name) values (nextval('sq_bus_line'), '7458-10', 'Jd. Boa Vista - Estação Da Luz');
insert into bus_line (id, code, name) values (nextval('sq_bus_line'), '745M-10', 'Campo Limpo - Shopping Sp Market');
insert into bus_line (id, code, name) values (nextval('sq_bus_line'), '745M-21', 'Cohab Adventista - Campo Limpo');
insert into bus_line (id, code, name) values (nextval('sq_bus_line'), '746C-10', 'Jd. Taboao - Santo Amaro');
insert into bus_line (id, code, name) values (nextval('sq_bus_line'), '746F-10', 'Jd. Das Palmas - Santo Amaro');
insert into bus_line (id, code, name) values (nextval('sq_bus_line'), '746H-10', 'Jd. Jaqueline - Santo Amaro');
insert into bus_line (id, code, name) values (nextval('sq_bus_line'), '746K-10', 'Paraisopolis - Campo Belo');
insert into bus_line (id, code, name) values (nextval('sq_bus_line'), '746P-10', 'Paraisopolis - Santo Amaro');
insert into bus_line (id, code, name) values (nextval('sq_bus_line'), '746R-10', 'Real Parque - Santo Amaro');
insert into bus_line (id, code, name) values (nextval('sq_bus_line'), '746V-10', 'Jd. Reboucas - Santo Amaro');
insert into bus_line (id, code, name) values (nextval('sq_bus_line'), '748A-10', 'Jd. D Abril - Lapa');
insert into bus_line (id, code, name) values (nextval('sq_bus_line'), '748A-41', 'Jd. Peri Peri - Lapa');
insert into bus_line (id, code, name) values (nextval('sq_bus_line'), '748A-42', 'Vila Dalva - Lapa');
insert into bus_line (id, code, name) values (nextval('sq_bus_line'), '748N-10', 'Term. Lapa - Itaim Bibi');
insert into bus_line (id, code, name) values (nextval('sq_bus_line'), '748R-10', 'Jd. Joao Xxiii - Metro Barra Funda');
insert into bus_line (id, code, name) values (nextval('sq_bus_line'), '748R-41', 'Jd. Boa Vista - Lapa');
insert into bus_line (id, code, name) values (nextval('sq_bus_line'), '748R-51', 'Cohab Raposo Tavares - Lapa');
insert into bus_line (id, code, name) values (nextval('sq_bus_line'), '7545-10', 'Jd. Joao Xxiii - Pca Ramos De Azevedo');
insert into bus_line (id, code, name) values (nextval('sq_bus_line'), '7545-21', 'Cdhu Butantã - Pça. Ramos De Azevedo');
insert into bus_line (id, code, name) values (nextval('sq_bus_line'), '7550-10', 'Term. Sto. Amaro - Metrô Sta.cecilia');
insert into bus_line (id, code, name) values (nextval('sq_bus_line'), '756A-10', 'Jd. Paulo Vi - Santo Amaro');
insert into bus_line (id, code, name) values (nextval('sq_bus_line'), '756A-21', 'Jd. Paulo Vi - Shopping Morumbi');
insert into bus_line (id, code, name) values (nextval('sq_bus_line'), '7600-10', 'Berrini - Estacao Armenia');
insert into bus_line (id, code, name) values (nextval('sq_bus_line'), '7702-10', 'Usp - Term. Lapa');
insert into bus_line (id, code, name) values (nextval('sq_bus_line'), '7710-10', 'T Guarapiranga - Metrô Ana Rosa');
insert into bus_line (id, code, name) values (nextval('sq_bus_line'), '771P-10', 'Jd. João Xxiii - Hosp. Das Clínicas');
insert into bus_line (id, code, name) values (nextval('sq_bus_line'), '7725-10', 'Rio Pequeno - Metro V. Madalena');
insert into bus_line (id, code, name) values (nextval('sq_bus_line'), '775A-10', 'Jd. Adalgiza - Metro Vila Mariana');
insert into bus_line (id, code, name) values (nextval('sq_bus_line'), '775F-10', 'Jd. Das Palmas - Hosp. Das Clinicas');
insert into bus_line (id, code, name) values (nextval('sq_bus_line'), '775N-10', 'Rio Pequeno - Metro V. Madalena');
insert into bus_line (id, code, name) values (nextval('sq_bus_line'), '775P-10', 'Jd. Guarau - Metro Ana Rosa');
insert into bus_line (id, code, name) values (nextval('sq_bus_line'), '775V-10', 'Rio Pequeno - Metro Santa Cruz');
insert into bus_line (id, code, name) values (nextval('sq_bus_line'), '778J-10', 'Jd. Arpoador - Metro Barra Funda');
insert into bus_line (id, code, name) values (nextval('sq_bus_line'), '778J-41', 'Cohab Raposo Tavares - Metrô Barra Funda');
insert into bus_line (id, code, name) values (nextval('sq_bus_line'), '778R-10', 'Cohab Raposo Tavares - Term Princesa Isabel');
insert into bus_line (id, code, name) values (nextval('sq_bus_line'), '778R-21', 'Cohab Raposo Tavares - Term Princesa Isabel');
insert into bus_line (id, code, name) values (nextval('sq_bus_line'), '7903-10', 'Jd. Joao Xxiii/educ. - Pca Ramos De Azevedo');
insert into bus_line (id, code, name) values (nextval('sq_bus_line'), '8000-10', 'Terminal Lapa - Pca.ramos De Azevedo');
insert into bus_line (id, code, name) values (nextval('sq_bus_line'), '8001-10', 'Vila Piaui - Terminal Lapa');
insert into bus_line (id, code, name) values (nextval('sq_bus_line'), '8002-10', 'Terminal Pirituba - Terminal Lapa');
insert into bus_line (id, code, name) values (nextval('sq_bus_line'), '8003-10', 'Remedios - Terminal Lapa');
insert into bus_line (id, code, name) values (nextval('sq_bus_line'), '8004-10', 'Santa Monica - Terminal Lapa');
insert into bus_line (id, code, name) values (nextval('sq_bus_line'), '8006-10', 'Jd Donaria - Terminal Pirituba');
insert into bus_line (id, code, name) values (nextval('sq_bus_line'), '8007-10', 'Vila Clarice - Terminal Pirituba');
insert into bus_line (id, code, name) values (nextval('sq_bus_line'), '8008-10', 'Santa Monica - Terminal Pirituba');
insert into bus_line (id, code, name) values (nextval('sq_bus_line'), '8009-10', 'Cid. D`abril 3 Gleba - Terminal Pirituba');
insert into bus_line (id, code, name) values (nextval('sq_bus_line'), '8009-31', 'Cid.d`abril 3 Gleba - Terminal Pirituba');
insert into bus_line (id, code, name) values (nextval('sq_bus_line'), '8010-10', 'Perus - Lapa');
insert into bus_line (id, code, name) values (nextval('sq_bus_line'), '8010-21', 'Sítio Botuquara  - Circular');
insert into bus_line (id, code, name) values (nextval('sq_bus_line'), '8012-10', 'Metrô Butantã - Cidade Universitária');
insert into bus_line (id, code, name) values (nextval('sq_bus_line'), '8013-10', 'Morro Doce - Lapa');
insert into bus_line (id, code, name) values (nextval('sq_bus_line'), '8013-21', 'Terminal Jd. Britânia - Lapa');
insert into bus_line (id, code, name) values (nextval('sq_bus_line'), '8013-22', 'Jd. Rosinha - Lapa');
insert into bus_line (id, code, name) values (nextval('sq_bus_line'), '8013-41', 'Jd. Paineiras - Term Jd. Britânia');
insert into bus_line (id, code, name) values (nextval('sq_bus_line'), '8014-10', 'Morro Doce - Perus');
insert into bus_line (id, code, name) values (nextval('sq_bus_line'), '8015-10', 'Cemitério De Perus - Terminal Pirituba');
insert into bus_line (id, code, name) values (nextval('sq_bus_line'), '8015-21', 'Cemitério De Perus - Estação De Perus');
insert into bus_line (id, code, name) values (nextval('sq_bus_line'), '8016-10', 'Jd Rincao - Terminal Pirituba');
insert into bus_line (id, code, name) values (nextval('sq_bus_line'), '8017-10', 'Voith - Terminal Pirituba');
insert into bus_line (id, code, name) values (nextval('sq_bus_line'), '8018-10', 'Vila Sônia - Butantã ');
insert into bus_line (id, code, name) values (nextval('sq_bus_line'), '8019-10', 'Parque Continental - Metrô Butantã');
insert into bus_line (id, code, name) values (nextval('sq_bus_line'), '8020-10', 'Butantã - Shop. Morumbi');
insert into bus_line (id, code, name) values (nextval('sq_bus_line'), '8021-10', 'Jd. Maria Luiza - Butantã');
insert into bus_line (id, code, name) values (nextval('sq_bus_line'), '8022-10', 'Metrô Butantã - Cidade Universitária');
insert into bus_line (id, code, name) values (nextval('sq_bus_line'), '8023-10', 'Cdhu Munck - Butantã');
insert into bus_line (id, code, name) values (nextval('sq_bus_line'), '8024-10', 'Jd. Jaqueline - Butantã');
insert into bus_line (id, code, name) values (nextval('sq_bus_line'), '8025-10', 'Jd. Rosa Maria - Butantã');
insert into bus_line (id, code, name) values (nextval('sq_bus_line'), '8026-10', 'Jd. Inga - Butantã');
insert into bus_line (id, code, name) values (nextval('sq_bus_line'), '802C-10', 'Ceasa - Lgo. Da Concordia');
insert into bus_line (id, code, name) values (nextval('sq_bus_line'), '8038-10', 'Pq. Continental - Lapa');
insert into bus_line (id, code, name) values (nextval('sq_bus_line'), '8040-10', 'Sol Nascente - Lapa');
insert into bus_line (id, code, name) values (nextval('sq_bus_line'), '8043-10', 'Vila Nova Esperanca - Lapa');
insert into bus_line (id, code, name) values (nextval('sq_bus_line'), '8047-10', 'Jaragua - Lapa');
insert into bus_line (id, code, name) values (nextval('sq_bus_line'), '8047-31', 'Jaraguá - Lapa');
insert into bus_line (id, code, name) values (nextval('sq_bus_line'), '8047-41', 'Jaragua - Metro Vila Madalena');
insert into bus_line (id, code, name) values (nextval('sq_bus_line'), '8047-51', 'Jaraguá - Lapa');
insert into bus_line (id, code, name) values (nextval('sq_bus_line'), '8050-10', 'Pq. Morro Doce - Lapa');
insert into bus_line (id, code, name) values (nextval('sq_bus_line'), '8050-21', 'Anhanguera - Lapa');
insert into bus_line (id, code, name) values (nextval('sq_bus_line'), '8050-31', 'Pq. Morro Doce - Lapa');
insert into bus_line (id, code, name) values (nextval('sq_bus_line'), '8050-32', 'Morro Doce - Lapa');
insert into bus_line (id, code, name) values (nextval('sq_bus_line'), '8055-10', 'Perus - Lapa');
insert into bus_line (id, code, name) values (nextval('sq_bus_line'), '8055-51', 'Perus - Barra Funda');
insert into bus_line (id, code, name) values (nextval('sq_bus_line'), '805L-10', 'Term.princesa Isabel - Aclimacao (circ.)');
insert into bus_line (id, code, name) values (nextval('sq_bus_line'), '8060-10', 'Vila Piaui - Terminal Lapa');
insert into bus_line (id, code, name) values (nextval('sq_bus_line'), '8062-10', 'Pq. Sao Domingos - Lapa');
insert into bus_line (id, code, name) values (nextval('sq_bus_line'), '8065-10', 'Vila Clarice - Lapa');
insert into bus_line (id, code, name) values (nextval('sq_bus_line'), '8071-10', 'Campo Limpo - Butantã');
insert into bus_line (id, code, name) values (nextval('sq_bus_line'), '8072-10', 'Parque Ipê - Butantâ');
insert into bus_line (id, code, name) values (nextval('sq_bus_line'), '8073-10', 'Jardim Guaraú - Butantã');
insert into bus_line (id, code, name) values (nextval('sq_bus_line'), '8075-10', 'Terminal Campo Limpo - Metrô Butantã');
insert into bus_line (id, code, name) values (nextval('sq_bus_line'), '8077-10', 'Jd. João Xxiii - Metrô Butantã');
insert into bus_line (id, code, name) values (nextval('sq_bus_line'), '8078-10', 'Jd. Das Palmas - Metrô Campo Limpo');
insert into bus_line (id, code, name) values (nextval('sq_bus_line'), '807A-10', 'Terminal Campo Limpo - Term. Santo Amaro');
insert into bus_line (id, code, name) values (nextval('sq_bus_line'), '807J-10', 'Term. Campo Limpo - Shopping Morumbi');
insert into bus_line (id, code, name) values (nextval('sq_bus_line'), '807M-10', 'Term.  Campo Limpo - Shopping Morumbi');
insert into bus_line (id, code, name) values (nextval('sq_bus_line'), '807P-10', 'Paraisópolis - Santo Amaro');
insert into bus_line (id, code, name) values (nextval('sq_bus_line'), '809A-10', 'Jd. D` Abril - Terminal Pinheiros');
insert into bus_line (id, code, name) values (nextval('sq_bus_line'), '809D-10', 'Cohab Educandario - Terminal Pinheiros');
insert into bus_line (id, code, name) values (nextval('sq_bus_line'), '809J-10', 'Jd. Colombo - Terminal Pinheiros');
insert into bus_line (id, code, name) values (nextval('sq_bus_line'), '809L-10', 'Campo Limpo - Lapa');
insert into bus_line (id, code, name) values (nextval('sq_bus_line'), '809P-10', 'Terminal Campo Limpo - Term. Pinheiros');
insert into bus_line (id, code, name) values (nextval('sq_bus_line'), '809R-10', 'Rio Pequeno - Terminal Pinheiros');
insert into bus_line (id, code, name) values (nextval('sq_bus_line'), '8100-10', 'Terminal Pirituba - Terminal Lapa');
insert into bus_line (id, code, name) values (nextval('sq_bus_line'), '817C-10', 'Lapa - Hosp. Das Clinicas');
insert into bus_line (id, code, name) values (nextval('sq_bus_line'), '8194-10', 'Perus - Term. Cachoeirinha');
insert into bus_line (id, code, name) values (nextval('sq_bus_line'), '8199-10', 'Pirituba - C.v.n. Cachoeirinha');
insert into bus_line (id, code, name) values (nextval('sq_bus_line'), '819A-10', 'Vila Aurora - Jd. Primavera');
insert into bus_line (id, code, name) values (nextval('sq_bus_line'), '819R-10', 'Perus - Term Lapa');
insert into bus_line (id, code, name) values (nextval('sq_bus_line'), '8200-10', 'Terminal Pirituba - Terminal Lapa');
insert into bus_line (id, code, name) values (nextval('sq_bus_line'), '8213-10', 'Vila Iara - Pca. Do Correio');
insert into bus_line (id, code, name) values (nextval('sq_bus_line'), '8213-21', 'Jd. Iracema - Pça Do Correio');
insert into bus_line (id, code, name) values (nextval('sq_bus_line'), '8214-10', 'Jd. Paulistano - Pca. Do Correio');
insert into bus_line (id, code, name) values (nextval('sq_bus_line'), '8215-10', 'Jd. Paulistano - Pca. Do Correio');
insert into bus_line (id, code, name) values (nextval('sq_bus_line'), '8252-10', 'Metrô Barra Funda - Lapa');
insert into bus_line (id, code, name) values (nextval('sq_bus_line'), '828P-10', 'Lapa - Metro Barra Funda');
insert into bus_line (id, code, name) values (nextval('sq_bus_line'), '8300-10', 'Terminal Pirituba - Terminal Lapa');
insert into bus_line (id, code, name) values (nextval('sq_bus_line'), '8319-10', 'Pq. Continental - Pca Ramos De Azevedo');
insert into bus_line (id, code, name) values (nextval('sq_bus_line'), '8319-21', 'Shopping Villa Lobos - Pq.  Continental');
insert into bus_line (id, code, name) values (nextval('sq_bus_line'), '8400-10', 'Terminal Pirituba - Pç Ramos De Azevedo');
insert into bus_line (id, code, name) values (nextval('sq_bus_line'), '846M-10', 'Vila Piauí - Pinheiros');
insert into bus_line (id, code, name) values (nextval('sq_bus_line'), '847J-10', 'City Jaragua - Jaguare');
insert into bus_line (id, code, name) values (nextval('sq_bus_line'), '847J-41', 'Vila Jaragua - Ceagesp');
insert into bus_line (id, code, name) values (nextval('sq_bus_line'), '847P-10', 'Terminal Pirituba - Itaim Bibi');
insert into bus_line (id, code, name) values (nextval('sq_bus_line'), '847P-41', 'Vila Zatt - Itaim Bibi');
insert into bus_line (id, code, name) values (nextval('sq_bus_line'), '847P-42', 'Brasilandia - Itaim Bibi');
insert into bus_line (id, code, name) values (nextval('sq_bus_line'), '848L-10', 'Recanto Dos Humildes - Terminal Pirituba');
insert into bus_line (id, code, name) values (nextval('sq_bus_line'), '8500-10', 'Terminal Pirituba - Metro Barra Funda');
insert into bus_line (id, code, name) values (nextval('sq_bus_line'), '8528-10', 'Jd. Guarani - Pca. Do Correio');
insert into bus_line (id, code, name) values (nextval('sq_bus_line'), '8538-10', 'Freguesia Do O - Praça Do Correio');
insert into bus_line (id, code, name) values (nextval('sq_bus_line'), '8542-10', 'Brasilandia - Pca. Do Correio');
insert into bus_line (id, code, name) values (nextval('sq_bus_line'), '8544-10', 'Cid. D`abril 3.gleba - Largo Do Paissandú');
insert into bus_line (id, code, name) values (nextval('sq_bus_line'), '8545-10', 'Penteado - Metro Barra Funda');
insert into bus_line (id, code, name) values (nextval('sq_bus_line'), '8548-10', 'Jd. Dos Cunhas - Terminal Lapa');
insert into bus_line (id, code, name) values (nextval('sq_bus_line'), '8549-10', 'Taipas - Pca. Do Correio');
insert into bus_line (id, code, name) values (nextval('sq_bus_line'), '856R-10', 'Lapa - Socorro');
insert into bus_line (id, code, name) values (nextval('sq_bus_line'), '856R-21', 'Lapa - Shopping Iguatemi');
insert into bus_line (id, code, name) values (nextval('sq_bus_line'), '857A-10', 'Terminal Campo Limpo - Metrô Santa Cruz');
insert into bus_line (id, code, name) values (nextval('sq_bus_line'), '857C-10', 'Term.campo Limpo - Metrô Conceição');
insert into bus_line (id, code, name) values (nextval('sq_bus_line'), '857P-10', 'Terminal Campo Limpo - Paraiso');
insert into bus_line (id, code, name) values (nextval('sq_bus_line'), '857P-21', 'Campo Limpo - Paraiso');
insert into bus_line (id, code, name) values (nextval('sq_bus_line'), '857R-10', 'Terminal Campo Limpo - Aclimação');
insert into bus_line (id, code, name) values (nextval('sq_bus_line'), '857R-41', 'Estação Hebraica Rebouças - Ana Rosa');
insert into bus_line (id, code, name) values (nextval('sq_bus_line'), '8594-10', 'Cid. D`abril - Pca.ramos De Azevedo');
insert into bus_line (id, code, name) values (nextval('sq_bus_line'), '8594-21', 'Cid. Pirituba - Pca.ramos De Azevedo');
insert into bus_line (id, code, name) values (nextval('sq_bus_line'), '8594-41', 'Cohab Pedra Verde - Pca.ramos De Azevedo');
insert into bus_line (id, code, name) values (nextval('sq_bus_line'), '8600-10', 'Terminal Pirituba - Lgo. Do Paissandu');
insert into bus_line (id, code, name) values (nextval('sq_bus_line'), '8600-21', 'Pirituba - Lgo. Do Paissandu');
insert into bus_line (id, code, name) values (nextval('sq_bus_line'), '8600-22', 'Rio Verde - Lgo. Do Paissandu');
insert into bus_line (id, code, name) values (nextval('sq_bus_line'), '8605-10', 'Terminal Campo Limpo - Terminal Bandeira');
insert into bus_line (id, code, name) values (nextval('sq_bus_line'), '8610-10', 'Jd. Paulo Vi - Terminal Bandeira');
insert into bus_line (id, code, name) values (nextval('sq_bus_line'), '8615-10', 'Pq. Da Lapa - Term. Pq. D.pedro Ii');
insert into bus_line (id, code, name) values (nextval('sq_bus_line'), '8622-10', 'Morro Doce - Pca.ramos De Azevedo');
insert into bus_line (id, code, name) values (nextval('sq_bus_line'), '8622-31', 'Vila Sulina - Pca.ramos De Azevedo');
insert into bus_line (id, code, name) values (nextval('sq_bus_line'), '8622-42', 'Sol Nascente - Largo Do Paissandú');
insert into bus_line (id, code, name) values (nextval('sq_bus_line'), '8677-10', 'Jd. Libano - Pca.ramos De Azevedo');
insert into bus_line (id, code, name) values (nextval('sq_bus_line'), '8677-31', 'Jd. Libano - Pca.ramos De Azevedo');
insert into bus_line (id, code, name) values (nextval('sq_bus_line'), '8686-10', 'Mangalot - Largo Do Paissandú');
insert into bus_line (id, code, name) values (nextval('sq_bus_line'), '8696-10', 'Jaragua - Pca.ramos De Azevedo');
insert into bus_line (id, code, name) values (nextval('sq_bus_line'), '8696-41', 'Jaragua - Pca.ramos De Azevedo');
insert into bus_line (id, code, name) values (nextval('sq_bus_line'), '8700-10', 'Terminal Campo Limpo - Pça. Ramos De Azevedo');
insert into bus_line (id, code, name) values (nextval('sq_bus_line'), '8700-21', 'Largo Do Taboão - Pça. Ramos De Azevedo');
insert into bus_line (id, code, name) values (nextval('sq_bus_line'), '8700-22', 'Hospital Das Clínicas - Terminal Campo Limpo');
insert into bus_line (id, code, name) values (nextval('sq_bus_line'), '8700-23', 'Praça Ramos De Azevedo - Butantã');
insert into bus_line (id, code, name) values (nextval('sq_bus_line'), '8705-10', 'Shopping Continental - Anhangabau');
insert into bus_line (id, code, name) values (nextval('sq_bus_line'), '8705-51', 'Pq Continental - Anhangabau');
insert into bus_line (id, code, name) values (nextval('sq_bus_line'), '8707-10', 'Rio Pequeno - Terminal Princesa Isabel');
insert into bus_line (id, code, name) values (nextval('sq_bus_line'), '8707-21', 'Rio Pequeno - Butantã');
insert into bus_line (id, code, name) values (nextval('sq_bus_line'), '874C-10', 'Pq. Continental - Metro Vila Mariana');
insert into bus_line (id, code, name) values (nextval('sq_bus_line'), '874T-10', 'Ipiranga - Lapa');
insert into bus_line (id, code, name) values (nextval('sq_bus_line'), '874T-51', 'Metro Tamanduatei - Metro Vila Mariana');
insert into bus_line (id, code, name) values (nextval('sq_bus_line'), '875A-10', 'Aeroporto - Perdizes (via Aratãs)');
insert into bus_line (id, code, name) values (nextval('sq_bus_line'), '875C-10', 'Terminal Lapa - Metro Sta Cruz');
insert into bus_line (id, code, name) values (nextval('sq_bus_line'), '875C-22', 'Morumbi - Terminal Lapa');
insert into bus_line (id, code, name) values (nextval('sq_bus_line'), '875H-10', 'Terminal  Lapa - Metro Vila Mariana');
insert into bus_line (id, code, name) values (nextval('sq_bus_line'), '875M-10', 'Aeroporto - Metrô Barra Funda');
insert into bus_line (id, code, name) values (nextval('sq_bus_line'), '875P-10', 'Metro Barra Funda - Metro Ana Rosa');
insert into bus_line (id, code, name) values (nextval('sq_bus_line'), '877T-10', 'Vila Anastacio - Metrô Paraíso');
insert into bus_line (id, code, name) values (nextval('sq_bus_line'), '8809-10', 'Perus - Ccpd Raul Tabajara');
insert into bus_line (id, code, name) values (nextval('sq_bus_line'), '888P-10', 'Perus - Cohab Taipas');
insert into bus_line (id, code, name) values (nextval('sq_bus_line'), '9002-10', 'Jd. Pery Alto - T.t.v.n.cachoeirinha');
insert into bus_line (id, code, name) values (nextval('sq_bus_line'), '9004-10', 'Jd. Elisa Maria - T.t.v.n.cachoeirinha');
insert into bus_line (id, code, name) values (nextval('sq_bus_line'), '9005-10', 'Jd. Princesa - T.t.v.n.cachoeirinha');
insert into bus_line (id, code, name) values (nextval('sq_bus_line'), '9005-41', 'Jd. Vista Alegre - T.t.v.n.cachoeirinha');
insert into bus_line (id, code, name) values (nextval('sq_bus_line'), '9005-42', 'Sítio Dos Francos - T.t.v.n. Cachoeirinha');
insert into bus_line (id, code, name) values (nextval('sq_bus_line'), '9006-10', 'Vila Penteado - T.t.v.n.cachoeirinha');
insert into bus_line (id, code, name) values (nextval('sq_bus_line'), '9008-10', 'Pq. De Taipas - T.t.v.n.cachoeirinha');
insert into bus_line (id, code, name) values (nextval('sq_bus_line'), '9008-21', 'Conj. Hab. Yadoia - T.t.v.n.cachoeirinha');
insert into bus_line (id, code, name) values (nextval('sq_bus_line'), '9008-41', 'Estancia Jaragua - T.t.v.n.cachoeirinha');
insert into bus_line (id, code, name) values (nextval('sq_bus_line'), '9009-10', 'Cohab Brasilândia - T.t.v.n.cachoeirinha');
insert into bus_line (id, code, name) values (nextval('sq_bus_line'), '9011-10', 'Estação Jaragua - T.t.v.n.cachoeirinha');
insert into bus_line (id, code, name) values (nextval('sq_bus_line'), '9011-21', 'Estação Jaraguá - City Jaraguá');
insert into bus_line (id, code, name) values (nextval('sq_bus_line'), '9012-10', 'Itaberaba - Terminal Lapa');
insert into bus_line (id, code, name) values (nextval('sq_bus_line'), '9014-10', 'Morro Grande - Terminal Lapa');
insert into bus_line (id, code, name) values (nextval('sq_bus_line'), '9014-42', 'Jd Iracema - Terminal Lapa');
insert into bus_line (id, code, name) values (nextval('sq_bus_line'), '9015-10', 'Vila Zatt - Terminal Pirituba');
insert into bus_line (id, code, name) values (nextval('sq_bus_line'), '9018-10', 'Vila Mirante - Terminal Pirituba');
insert into bus_line (id, code, name) values (nextval('sq_bus_line'), '9019-10', 'Jd Paulistano - Terminal Pirituba');
insert into bus_line (id, code, name) values (nextval('sq_bus_line'), '9020-10', 'Vila Mirante - Terminal Pirituba');
insert into bus_line (id, code, name) values (nextval('sq_bus_line'), '9022-10', 'Vila Iorio - Terminal Lapa');
insert into bus_line (id, code, name) values (nextval('sq_bus_line'), '9023-10', 'Pq. De  Taipas - Terminal Pirituba');
insert into bus_line (id, code, name) values (nextval('sq_bus_line'), '9031-10', 'Freguesia Do O - Lapa');
insert into bus_line (id, code, name) values (nextval('sq_bus_line'), '9032-10', 'Jd. Damasceno - T.t.v.n. Cachoeirinha');
insert into bus_line (id, code, name) values (nextval('sq_bus_line'), '9032-21', 'Jd. Damasceno - T.t.v.n. Cachoeirinha');
insert into bus_line (id, code, name) values (nextval('sq_bus_line'), '9034-10', 'Morro Grande - Lapa');
insert into bus_line (id, code, name) values (nextval('sq_bus_line'), '9047-10', 'Jd. Paulistano - Lapa');
insert into bus_line (id, code, name) values (nextval('sq_bus_line'), '9050-10', 'Terminal Lapa - Itaim Bibi');
insert into bus_line (id, code, name) values (nextval('sq_bus_line'), '9051-10', 'Lapa - Pinheiros');
insert into bus_line (id, code, name) values (nextval('sq_bus_line'), '9070-10', 'Jd. Antartica  - Term. Casa Verde');
insert into bus_line (id, code, name) values (nextval('sq_bus_line'), '908T-10', 'Term. Pq. D.pedro Ii - Butanta');
insert into bus_line (id, code, name) values (nextval('sq_bus_line'), '9090-10', 'Pq. Tiete - Term. Casa Verde');
insert into bus_line (id, code, name) values (nextval('sq_bus_line'), '9162-10', 'Jd. Almanara - Terminal Casa Verde');
insert into bus_line (id, code, name) values (nextval('sq_bus_line'), '9166-10', 'Jd. Santa Cruz - T.t.v.n. Cachoeirinha');
insert into bus_line (id, code, name) values (nextval('sq_bus_line'), '917H-10', 'Terminal Pirituba - Metro Vila Mariana');
insert into bus_line (id, code, name) values (nextval('sq_bus_line'), '917M-10', 'Morro Grande - Metro Ana Rosa');
insert into bus_line (id, code, name) values (nextval('sq_bus_line'), '917M-31', 'Morro Grande - Metro Ana Rosa');
insert into bus_line (id, code, name) values (nextval('sq_bus_line'), '9181-10', 'Vila Terezinha - Lapa');
insert into bus_line (id, code, name) values (nextval('sq_bus_line'), '9186-10', 'Cohab N. Brasilandia - Lapa');
insert into bus_line (id, code, name) values (nextval('sq_bus_line'), '9188-10', 'Capela Da Lagoa  - Lapa');
insert into bus_line (id, code, name) values (nextval('sq_bus_line'), '9188-42', 'Capela Da Lagoa - Lapa');
insert into bus_line (id, code, name) values (nextval('sq_bus_line'), '9191-10', 'Jd. Elisa Maria - Bom Retiro');
insert into bus_line (id, code, name) values (nextval('sq_bus_line'), '9191-21', 'Barra Funda - Bom Retiro');
insert into bus_line (id, code, name) values (nextval('sq_bus_line'), '9300-10', 'Term. Casa Verde - Term. Pq. D.pedro Ii');
insert into bus_line (id, code, name) values (nextval('sq_bus_line'), '9301-10', 'Term. Casa Verde - Paissandu');
insert into bus_line (id, code, name) values (nextval('sq_bus_line'), '930P-10', 'Term. Pq.d.pedro Ii - Term. Pinheiros');
insert into bus_line (id, code, name) values (nextval('sq_bus_line'), '9354-10', 'Terminal Cachoeirinha - Terminal Correio');
insert into bus_line (id, code, name) values (nextval('sq_bus_line'), '938C-10', 'Cohab Taipas - Term. Princ. Isabel');
insert into bus_line (id, code, name) values (nextval('sq_bus_line'), '938L-10', 'T.t.v.n.cachoeirinha - Lapa');
insert into bus_line (id, code, name) values (nextval('sq_bus_line'), '938P-10', 'Jd. Tereza - Metro Barra Funda');
insert into bus_line (id, code, name) values (nextval('sq_bus_line'), '938P-21', 'Vila Penteado - Metro Barra Funda');
insert into bus_line (id, code, name) values (nextval('sq_bus_line'), '938V-10', 'Jd. Vista Alegre - Metro Barra Funda');
insert into bus_line (id, code, name) values (nextval('sq_bus_line'), '948A-10', 'Vila Zatt - Metro Barra Funda');
insert into bus_line (id, code, name) values (nextval('sq_bus_line'), '9500-10', 'Term. Cachoeirinha - Paissandu');
insert into bus_line (id, code, name) values (nextval('sq_bus_line'), '9501-10', 'T.t.v.n.cachoeirinha - Paissandu');
insert into bus_line (id, code, name) values (nextval('sq_bus_line'), '9501-21', 'T.t.v.n.cachoeirinha - Term.princesa Isabel');
insert into bus_line (id, code, name) values (nextval('sq_bus_line'), '957T-10', 'Cohab Taipas - Itaim Bibi');
insert into bus_line (id, code, name) values (nextval('sq_bus_line'), '958P-10', 'Jd. Nardini - Itaim Bibi');
insert into bus_line (id, code, name) values (nextval('sq_bus_line'), '9653-10', 'Pedra Branca - Lgo. Do Paissandu');
insert into bus_line (id, code, name) values (nextval('sq_bus_line'), '967A-10', 'Imirim - Pinheiros');
insert into bus_line (id, code, name) values (nextval('sq_bus_line'), '9701-10', 'Hospital Cachoeirinha - Metrô Santana');
insert into bus_line (id, code, name) values (nextval('sq_bus_line'), '9717-10', 'Jd. Almanara - Santana');
insert into bus_line (id, code, name) values (nextval('sq_bus_line'), '971A-10', 'Jd. Primavera - Metro Santana');
insert into bus_line (id, code, name) values (nextval('sq_bus_line'), '971C-10', 'Cohab - Metro Santana');
insert into bus_line (id, code, name) values (nextval('sq_bus_line'), '971D-10', 'Jd. Damasceno - Center Norte');
insert into bus_line (id, code, name) values (nextval('sq_bus_line'), '971M-10', 'Vila Penteado - Metro Santana');
insert into bus_line (id, code, name) values (nextval('sq_bus_line'), '971R-10', 'Estacao Jaragua - Metro Santana');
insert into bus_line (id, code, name) values (nextval('sq_bus_line'), '971R-21', 'Jd. Damasceno - Metro Santana');
insert into bus_line (id, code, name) values (nextval('sq_bus_line'), '971R-42', 'Cdhu Voith - Metro Santana');
insert into bus_line (id, code, name) values (nextval('sq_bus_line'), '971R-51', 'Chica Luisa - Metro Santana');
insert into bus_line (id, code, name) values (nextval('sq_bus_line'), '971T-10', 'Vila Santa Maria - Metro Santana');
insert into bus_line (id, code, name) values (nextval('sq_bus_line'), '971V-10', 'Jd. Vista Alegre - Center Norte');
insert into bus_line (id, code, name) values (nextval('sq_bus_line'), '971X-10', 'Terminal Cachoeirinha - Metrô Santana');
insert into bus_line (id, code, name) values (nextval('sq_bus_line'), '971X-51', 'Terminal Cachoeirinha - Term. Amaral Gurgel');
insert into bus_line (id, code, name) values (nextval('sq_bus_line'), '975A-10', 'Vila Brasilandia - Metro Ana Rosa');
insert into bus_line (id, code, name) values (nextval('sq_bus_line'), '9782-10', 'Jd. Carombe - Metro Barra Funda');
insert into bus_line (id, code, name) values (nextval('sq_bus_line'), '9782-31', 'Jd. Carombe - Lapa');
insert into bus_line (id, code, name) values (nextval('sq_bus_line'), '9784-10', 'Jd. Dos Francos - Barra Funda');
insert into bus_line (id, code, name) values (nextval('sq_bus_line'), '9785-10', 'Vila Terezinha - Term. Barra Funda');
insert into bus_line (id, code, name) values (nextval('sq_bus_line'), '9785-51', 'Jd. Carombe - T.t.v.n. Cachoeirinha');
insert into bus_line (id, code, name) values (nextval('sq_bus_line'), '9789-10', 'Jd. Paulistano - Barra Funda');
insert into bus_line (id, code, name) values (nextval('sq_bus_line'), '978A-10', 'T.t.v.n.cachoeirinha - Metro Barra Funda');
insert into bus_line (id, code, name) values (nextval('sq_bus_line'), '978J-10', 'Voith - Term Princesa Isabel');
insert into bus_line (id, code, name) values (nextval('sq_bus_line'), '978L-10', 'T.t.v.n.cachoeirinha - Term.princesa Isabel');
insert into bus_line (id, code, name) values (nextval('sq_bus_line'), '978T-10', 'Jd.i - Metro Barra Funda');
